t3_23pplb.txt,0,2,21,0,0,0,0,0,0,0
t3_23ppr3.txt,0,9,0,0,0,2,27,0,13,0
t3_23psjo.txt,32,25,0,0,0,0,0,0,3,0
t3_23pxgq.txt,1,44,0,6,1,7,1,0,0,0
t3_23q5qe.txt,0,7,0,0,0,0,5,8,0,0
t3_23qda3.txt,0,99,0,0,0,1,0,0,77,9
t3_23qj3z.txt,10,23,0,0,2,0,0,2,6,0
t3_23qjfq.txt,12,31,0,0,0,17,28,2,55,0
t3_23qlph.txt,0,5,0,0,0,2,55,0,3,0
t3_23qm05.txt,1,0,11,0,0,1,0,0,0,0
t3_23qo8d.txt,0,29,0,10,0,0,0,0,1,0
t3_23qo8z.txt,0,1,9,0,0,0,0,0,0,0
t3_23qqqm.txt,0,43,0,0,0,0,0,0,0,104
t3_23qrdr.txt,0,20,0,0,0,1,53,12,0,5
t3_23qseg.txt,0,6,0,0,0,0,46,1,2,0
t3_23qwix.txt,0,1,0,0,0,6,0,2,0,0
t3_23qwml.txt,0,2,8,0,0,0,0,0,0,0
t3_23qy8n.txt,9,33,4,0,0,0,82,0,8,0
t3_23qyqt.txt,0,45,0,1,0,0,0,0,40,0
t3_23qzii.txt,0,0,0,0,0,0,0,0,0,0
t3_23r3vy.txt,0,6,0,0,0,0,0,0,0,0
t3_23rcpu.txt,34,19,0,0,0,3,2,1,15,0
t3_23rgl2.txt,2,1,9,0,0,0,0,0,2,0
t3_23rhi6.txt,0,47,0,0,0,0,0,0,0,0
t3_23rir0.txt,0,0,15,0,0,0,0,0,0,0
t3_23rmri.txt,0,16,0,0,0,0,0,0,0,41
t3_23rpna.txt,3,14,2,0,0,3,3,1,1,9
t3_23rqfw.txt,1,1,12,0,0,0,0,0,0,0
t3_23rrnl.txt,0,2,3,0,0,0,0,0,0,0
t3_23rw6a.txt,0,2,11,0,0,0,0,0,0,0
t3_23rx22.txt,38,45,2,1,0,0,0,0,17,46
t3_23s25l.txt,52,95,0,0,5,1,15,0,226,1
t3_23s3n8.txt,0,12,1,0,0,0,43,0,0,0
t3_23s7er.txt,0,1,4,0,0,0,1,2,0,0
t3_23s966.txt,48,20,81,0,0,0,2,38,0,0
t3_23saeu.txt,0,3,4,0,6,0,0,2,0,1
t3_23sam9.txt,42,51,0,0,0,0,52,0,2,0
t3_23sbxs.txt,0,10,0,0,3,0,0,0,5,8
t3_23sclq.txt,0,0,6,0,0,0,0,0,3,0
t3_23sdgj.txt,0,6,0,11,0,0,0,11,0,6
t3_23sfoh.txt,0,23,1,0,0,20,22,0,0,0
t3_23si91.txt,0,5,0,0,2,1,2,4,0,7
t3_23sk7f.txt,0,3,0,0,0,1,25,0,1,0
t3_23sp6m.txt,0,1,15,0,0,0,0,0,2,0
t3_23sq23.txt,0,1,5,0,0,0,0,0,2,0
t3_23srnu.txt,0,7,0,0,0,0,0,5,3,11
t3_23ssqq.txt,73,113,0,0,3,0,0,0,7,0
t3_23styv.txt,0,2,4,0,2,1,0,0,0,0
t3_23svvh.txt,0,3,7,0,0,0,0,0,0,1
t3_23t11f.txt,1,1,4,0,0,0,0,0,0,0
t3_23t400.txt,0,0,4,0,0,0,0,0,1,0
t3_23t5ec.txt,0,17,0,12,0,0,21,0,0,0
t3_23tbw7.txt,16,23,7,0,0,4,5,0,4,0
t3_23tf35.txt,5,18,2,3,3,0,1,0,0,3
t3_23tgw6.txt,26,15,0,14,24,0,7,0,0,0
t3_23thdm.txt,16,5,1,0,0,0,0,0,40,0
t3_23toch.txt,0,0,6,0,0,10,8,0,4,0
t3_23tomb.txt,0,0,3,0,0,0,0,0,0,0
t3_23tqfi.txt,0,0,5,0,0,0,0,0,0,0
t3_23tshs.txt,26,61,0,0,0,0,0,13,92,0
t3_23tuhc.txt,49,65,0,0,0,0,0,0,11,0
t3_23u0ke.txt,4,37,1,21,1,0,14,0,21,0
t3_23u0v9.txt,0,3,0,0,0,0,41,0,0,0
t3_23u24q.txt,0,70,0,0,10,91,51,1,15,28
t3_23u4s4.txt,13,54,0,5,0,0,0,5,0,47
t3_23u62w.txt,8,21,0,0,10,0,4,0,0,0
t3_23u7jv.txt,0,0,4,0,0,0,0,0,0,0
t3_23ukrg.txt,0,1,4,0,0,0,0,0,0,0
t3_23uky7.txt,13,150,0,0,0,0,0,4,23,12
t3_23ulde.txt,0,35,0,0,14,0,0,4,75,0
t3_23uoad.txt,0,1,8,0,0,0,0,0,0,0
t3_23uqs3.txt,0,8,0,0,0,1,33,0,0,0
t3_23urim.txt,4,3,0,0,1,0,2,0,0,0
t3_23uu3c.txt,0,1,4,2,0,0,0,0,0,0
t3_23uv1e.txt,5,0,2,0,0,0,0,0,0,0
t3_23v0xz.txt,0,97,0,0,14,0,0,0,60,13
t3_23v5gy.txt,0,0,5,0,0,0,0,0,0,0
t3_23v5ub.txt,10,217,0,0,7,0,1,2,54,27
t3_23v6zg.txt,0,1,3,0,0,0,0,0,0,2
t3_23v90y.txt,0,33,0,0,0,0,0,0,0,58
t3_23vez8.txt,0,6,0,0,0,0,0,67,0,16
t3_23vjfh.txt,2,6,0,0,0,0,26,0,0,0
t3_23vksr.txt,1,25,0,0,0,0,0,1,6,0
t3_23vl87.txt,0,4,1,0,0,0,0,0,8,2
t3_23vre1.txt,0,0,0,0,0,0,0,0,0,0
t3_23vvhc.txt,108,48,0,0,4,0,1,0,27,14
t3_23vvt4.txt,0,6,0,0,0,0,0,0,1,21
t3_23vw4r.txt,0,26,0,0,0,0,25,16,0,0
t3_23vyyb.txt,0,0,7,0,0,0,0,0,0,1
t3_23w1ja.txt,1,0,1,0,0,0,14,0,2,0
t3_23w6ju.txt,0,7,0,0,1,0,0,0,5,8
t3_23w9vt.txt,26,8,0,0,1,0,30,4,2,0
t3_23wb8m.txt,0,17,0,0,1,101,21,4,0,3
t3_23wbg1.txt,0,0,6,0,0,0,0,0,0,0
t3_23wcrw.txt,0,4,0,2,8,14,17,0,4,0
t3_23wdlb.txt,0,2,3,0,0,0,0,0,0,0
t3_23wdwe.txt,0,77,0,0,0,0,0,0,13,0
t3_23wgeu.txt,0,68,0,0,0,0,0,0,25,0
t3_23wiuj.txt,1,12,0,0,0,3,0,0,3,0
t3_23wjkc.txt,0,18,4,27,0,0,0,0,0,0
t3_23wkau.txt,16,32,1,0,0,1,0,0,35,2
t3_23wmxs.txt,0,4,3,0,0,0,0,0,0,0
t3_23wroa.txt,30,62,0,33,0,26,0,1,67,0
t3_23wt7f.txt,0,27,1,9,0,0,17,0,3,0
t3_23wxzl.txt,0,21,0,0,0,0,41,0,19,0
t3_23wypt.txt,0,15,1,0,0,0,28,0,0,0
t3_23wzvp.txt,13,11,0,0,0,0,2,2,0,10
t3_23x33m.txt,76,71,4,0,0,0,9,27,130,0
t3_23x9vm.txt,1,0,2,0,0,0,0,0,0,0
t3_23xc9u.txt,16,37,0,0,0,41,11,0,0,1
t3_23xeix.txt,0,33,0,0,6,1,19,0,0,1
t3_23xeyx.txt,8,47,0,0,0,0,9,0,0,0
t3_23xhxt.txt,0,2,8,0,0,0,0,0,0,4
t3_23xsps.txt,0,0,3,0,0,0,0,0,0,0
t3_23xvps.txt,1,0,5,0,0,0,0,0,0,0
t3_23y3bi.txt,0,0,4,0,0,0,0,0,0,0
t3_23y7c4.txt,0,17,12,0,0,22,0,3,14,0
t3_23y92s.txt,0,2,3,0,0,0,0,0,0,0
t3_23y99s.txt,0,0,3,0,0,0,0,0,1,0
t3_23yfld.txt,0,0,3,0,0,0,0,0,0,0
t3_23yiay.txt,0,0,7,0,0,0,0,0,0,0
t3_23yiqk.txt,0,93,0,0,0,0,7,0,60,1
t3_23yjdu.txt,0,0,3,0,0,0,0,0,0,0
t3_23ymsl.txt,0,70,0,9,9,0,93,1,50,0
t3_23yn3d.txt,0,0,2,1,0,0,0,0,0,0
t3_23ynf5.txt,0,107,0,24,0,54,0,0,4,0
t3_23ynps.txt,0,0,3,0,0,0,0,0,0,0
t3_23yp01.txt,0,0,2,0,0,0,0,0,0,1
t3_23yp1g.txt,0,0,2,0,0,1,0,0,0,0
t3_23yrwc.txt,2,88,0,0,0,1,0,9,0,12
t3_23yueb.txt,0,0,3,0,0,0,0,0,0,0
t3_23yuh5.txt,0,0,5,0,0,0,0,0,1,2
t3_23yuz2.txt,0,1,10,0,0,0,0,1,4,0
t3_23yvin.txt,0,0,3,0,0,0,0,0,1,0
t3_23yvqa.txt,0,0,5,0,0,0,0,0,0,0
t3_23yvrk.txt,0,0,5,0,0,0,0,0,0,0
t3_23yx3s.txt,0,0,3,0,0,0,0,0,0,0
t3_23z1hb.txt,0,0,20,0,0,0,0,0,0,0
t3_23z1oe.txt,34,108,0,0,0,0,1,3,165,0
t3_23z2fn.txt,0,33,0,1,0,0,7,0,2,0
t3_23z4f8.txt,0,0,3,0,0,0,0,0,0,0
t3_23z4gc.txt,0,0,4,0,0,0,0,0,0,0
t3_23z6do.txt,0,26,0,0,0,0,0,15,9,2
t3_23z6e6.txt,0,0,2,1,0,1,0,0,0,0
t3_23z85p.txt,0,11,0,0,0,0,0,2,2,0
t3_23z92g.txt,0,4,0,2,0,1,2,0,0,0
t3_23z9b3.txt,8,8,2,0,9,0,4,0,5,0
t3_23zajw.txt,0,59,0,0,0,0,4,0,12,0
t3_23zcnc.txt,1,31,0,0,0,0,4,0,25,68
t3_23zg6n.txt,0,13,2,0,0,0,0,0,0,0
t3_23zj8r.txt,0,56,0,0,0,1,1,24,28,0
t3_23zk2y.txt,0,32,0,2,0,0,1,12,0,0
t3_23zk8x.txt,38,34,0,0,0,0,0,0,16,0
t3_23zld2.txt,0,0,4,0,0,0,0,0,0,7
t3_23zm0b.txt,9,27,0,0,0,0,0,0,0,0
t3_23zna8.txt,0,1,2,0,0,0,0,0,0,0
t3_23zneh.txt,0,1,2,14,0,0,0,0,0,0
t3_23zrvu.txt,0,10,0,3,0,0,5,1,0,12
t3_23zth5.txt,0,0,4,0,0,0,0,0,0,0
t3_23zu32.txt,0,0,4,0,0,0,0,0,0,0
t3_2406u3.txt,0,0,0,0,0,0,49,0,0,0
t3_2409tv.txt,82,65,0,0,0,0,0,1,20,0
t3_240dhz.txt,0,2,0,0,6,1,0,4,0,0
t3_240fer.txt,0,0,6,0,0,0,0,0,0,0
t3_240fi1.txt,0,0,4,0,0,0,0,0,0,0
t3_240qap.txt,0,9,0,0,0,0,0,4,0,0
t3_240rbx.txt,0,16,0,1,0,0,47,0,0,0
t3_24129d.txt,0,21,0,0,3,0,43,1,0,0
t3_2419ov.txt,0,0,5,0,0,0,0,0,0,0
t3_241abo.txt,1,55,0,0,13,0,0,0,35,0
t3_241bc1.txt,12,23,0,0,0,0,0,8,3,8
t3_241eo1.txt,4,12,0,0,0,0,0,3,23,0
t3_241i8x.txt,0,100,0,4,0,0,2,11,3,0
t3_241o4m.txt,0,37,0,0,0,0,2,0,44,0
t3_241stk.txt,3,74,0,0,0,0,0,0,2,100
t3_241t1v.txt,0,64,0,0,0,0,2,0,1,16
t3_2420o4.txt,1,7,0,0,0,0,0,3,0,2
t3_242261.txt,5,91,1,0,6,0,8,0,21,0
t3_2425h1.txt,0,0,2,0,0,0,0,0,0,0
t3_2427ii.txt,0,19,6,0,0,0,8,0,5,0
t3_2429k3.txt,3,23,0,0,15,0,4,0,5,0
t3_242hj5.txt,0,43,0,1,0,1,30,0,5,1
t3_242kej.txt,14,63,0,7,0,0,10,0,3,0
t3_242l7m.txt,1,29,0,0,0,3,0,0,62,9
t3_242mbg.txt,0,1,0,0,0,2,0,0,0,2
t3_242qyz.txt,1,16,0,0,0,0,43,9,1,0
t3_242rjc.txt,0,7,0,15,0,0,0,0,2,0
t3_242rlj.txt,8,34,2,0,0,0,0,26,1,62
t3_242wto.txt,0,26,0,0,0,0,0,0,30,0
t3_242ziq.txt,0,3,0,0,0,2,1,14,3,0
t3_2432io.txt,0,9,0,0,0,0,8,0,0,0
t3_2433fg.txt,0,29,0,0,19,0,0,0,2,0
t3_243fuj.txt,0,18,0,0,4,0,1,0,0,0
t3_243knl.txt,0,42,1,0,0,0,0,16,0,0
t3_243yn6.txt,1,86,0,31,0,2,1,0,63,0
t3_243zl0.txt,0,8,0,0,32,17,31,0,0,0
t3_2441es.txt,1,19,0,0,0,0,0,4,20,0
t3_2441l6.txt,0,0,11,0,0,0,0,0,1,0
t3_2446tn.txt,0,5,0,0,15,0,41,0,9,0
t3_2449bz.txt,0,0,5,0,0,0,0,0,0,0
t3_244cvu.txt,0,0,0,0,0,1,5,0,0,0
t3_244dgb.txt,12,85,0,0,0,0,0,0,0,1
t3_244elk.txt,0,0,18,0,0,0,0,0,0,0
t3_244elo.txt,0,21,0,0,0,2,74,6,0,0
t3_244ja4.txt,1,45,0,0,0,49,0,11,0,0
t3_244mj4.txt,39,40,0,0,8,38,252,0,85,206
t3_244r5s.txt,7,61,0,0,0,0,5,0,0,54
t3_244uct.txt,0,15,0,0,16,0,1,0,12,0
t3_244xoh.txt,11,11,0,0,9,0,40,0,1,0
t3_244xry.txt,0,0,3,0,4,0,1,5,0,0
t3_2450pw.txt,0,5,0,0,0,0,0,1,0,0
t3_2452uq.txt,1,3,0,0,0,0,25,0,3,0
t3_245au3.txt,0,58,0,1,0,5,49,0,1,0
t3_245i6w.txt,8,60,1,0,0,29,0,19,0,0
t3_245rm7.txt,31,29,0,0,0,0,0,1,2,10
t3_245stc.txt,1,13,2,0,0,0,0,3,18,31
t3_245v6o.txt,0,26,0,9,0,0,0,55,2,0
t3_245xxo.txt,0,13,0,0,30,4,16,0,0,7
t3_2466o2.txt,16,25,0,0,0,0,0,0,47,1
t3_2466wv.txt,0,0,7,0,0,0,0,0,1,0
t3_246dtd.txt,1,7,0,0,48,2,51,0,19,1
t3_246gkp.txt,0,0,5,0,0,0,4,0,0,0
t3_246jqw.txt,0,23,0,0,5,1,0,0,0,0
t3_246lcz.txt,0,0,2,0,0,0,0,0,0,0
t3_246nfi.txt,0,40,2,0,0,2,27,0,0,0
t3_246nog.txt,0,0,4,0,0,0,1,0,3,0
t3_246o00.txt,1,39,4,0,0,0,0,0,0,0
t3_246q8u.txt,11,43,0,0,4,0,0,9,65,0
t3_246s2a.txt,0,0,3,0,0,1,0,0,0,0
t3_246scz.txt,0,1,8,2,0,0,1,0,0,0
t3_246v72.txt,56,73,0,0,0,0,13,0,1,23
t3_2470uh.txt,0,9,0,0,4,0,110,0,0,9
t3_24747i.txt,0,0,9,0,0,0,0,1,0,0
t3_2477gt.txt,3,93,0,0,0,0,32,0,126,0
t3_2479a4.txt,0,5,1,0,0,0,0,0,1,0
t3_247ksy.txt,9,7,1,0,0,0,0,0,0,0
t3_247nx7.txt,0,0,6,0,0,0,0,0,0,0
t3_247rp9.txt,0,0,7,0,0,0,0,0,0,0
t3_2481xy.txt,1,17,1,0,2,0,20,0,3,0
t3_2489en.txt,1,1,8,0,0,0,0,0,0,0
t3_248c7g.txt,0,124,0,0,0,0,0,1,42,0
t3_248iaa.txt,0,32,0,0,0,0,0,0,32,0
t3_248jn9.txt,0,2,7,0,0,0,0,1,0,0
t3_248lx7.txt,11,95,0,0,0,0,1,0,35,2
t3_248nnw.txt,0,5,0,0,0,0,0,28,0,0
t3_248sxr.txt,34,10,1,0,2,0,1,0,12,4
t3_248tog.txt,0,0,8,0,0,0,0,0,0,0
t3_248yq9.txt,13,30,0,0,1,0,0,0,0,0
t3_24903q.txt,1,26,0,0,20,0,35,4,4,6
t3_2494s3.txt,0,0,7,0,0,0,0,0,0,0
t3_249b0m.txt,0,28,0,0,0,0,58,0,6,0
t3_249dna.txt,5,0,4,0,0,0,0,0,0,0
t3_249epy.txt,0,1,10,0,0,0,0,2,0,0
t3_249jb8.txt,1,0,14,0,0,0,0,0,0,0
t3_249nix.txt,0,3,4,0,0,0,0,1,0,0
t3_249rre.txt,0,5,5,0,0,0,0,0,0,0
t3_249ud3.txt,0,1,8,0,0,0,0,0,0,0
t3_24a0mh.txt,3,0,5,0,0,0,0,0,1,0
t3_24a2lz.txt,2,1,7,0,0,0,0,0,2,0
t3_24a497.txt,12,29,0,1,3,2,0,6,1,0
t3_24a4ej.txt,0,2,10,2,0,0,0,0,0,0
t3_24a4jt.txt,0,1,4,0,0,0,0,0,0,0
t3_24a6ln.txt,2,5,0,0,0,0,0,45,3,8
t3_24a6to.txt,0,0,3,0,0,0,0,0,0,0
t3_24a8hg.txt,0,0,6,0,0,0,0,0,2,0
t3_24adcf.txt,0,0,4,0,0,0,2,0,0,5
t3_24al11.txt,0,1,3,5,0,1,0,0,0,0
t3_24alb7.txt,0,0,11,0,1,0,0,1,0,0
t3_24aps2.txt,3,2,5,0,1,0,0,0,0,0
t3_24aqfv.txt,0,0,7,0,0,0,0,0,0,0
t3_24aqhj.txt,1,68,0,0,0,0,0,0,10,0
t3_24arop.txt,17,15,18,0,0,0,0,17,0,0
t3_24arxt.txt,0,0,3,2,0,1,0,0,1,0
t3_24asy5.txt,8,8,0,0,5,1,10,0,1,0
t3_24ays6.txt,12,27,0,0,0,0,11,0,0,0
t3_24b7lh.txt,0,1,14,0,0,0,0,0,0,0
t3_24b8en.txt,0,0,11,0,0,1,0,0,0,0
t3_24b953.txt,1,2,7,0,0,0,0,0,0,0
t3_24b9dv.txt,0,0,0,0,0,0,0,0,0,0
t3_24b9jl.txt,5,9,0,0,0,0,39,0,0,0
t3_24bd7s.txt,0,0,6,0,0,0,0,0,0,0
t3_24begi.txt,0,74,0,0,1,0,7,6,11,0
t3_24beq1.txt,0,3,6,0,0,0,0,1,0,0
t3_24bg03.txt,0,59,0,0,0,0,33,0,0,1
t3_24bgx4.txt,0,0,9,0,0,0,0,0,0,0
t3_24bgy7.txt,0,13,1,0,0,2,4,0,0,20
t3_24bhku.txt,0,2,0,0,0,4,30,0,1,0
t3_24bhv3.txt,0,0,7,0,0,0,0,3,0,0
t3_24bogt.txt,14,9,14,0,0,0,2,21,42,0
t3_24bpq4.txt,5,43,0,0,0,0,0,0,24,0
t3_24bq7i.txt,0,1,4,0,0,0,0,0,1,0
t3_24bt7j.txt,0,5,7,0,0,0,0,0,0,0
t3_24btgg.txt,0,0,5,0,2,0,0,0,0,0
t3_24bwtq.txt,0,8,0,0,0,0,33,1,0,0
t3_24bxje.txt,0,33,0,0,0,0,17,11,0,0
t3_24bzo5.txt,0,0,10,0,0,0,0,0,0,0
t3_24c03r.txt,0,1,19,0,1,0,0,0,0,0
t3_24c1zh.txt,1,16,2,0,0,0,0,0,0,9
t3_24c3vf.txt,2,59,0,19,0,7,0,0,17,17
t3_24c4z4.txt,0,14,0,0,44,0,0,0,9,3
t3_24c6pi.txt,40,60,4,0,0,0,35,0,29,0
t3_24cad7.txt,32,21,0,0,0,0,0,0,2,0
t3_24caf2.txt,0,10,0,0,1,0,12,0,0,0
t3_24ccx5.txt,0,0,0,0,0,2,1,1,0,0
t3_24cdps.txt,0,1,0,0,5,2,0,0,1,0
t3_24cffp.txt,14,41,0,12,0,1,21,7,0,0
t3_24cigf.txt,0,21,2,4,0,0,0,0,4,7
t3_24cjey.txt,1,0,13,0,0,0,0,1,2,0
t3_24cozx.txt,16,196,0,0,51,0,14,0,223,1
t3_24cwgc.txt,23,56,0,0,0,0,0,0,0,0
t3_24cwu4.txt,0,15,0,0,0,0,0,0,1,0
t3_24czym.txt,4,28,1,0,0,22,0,4,0,6
t3_24d1gu.txt,0,0,10,2,0,0,0,0,0,0
t3_24d3ic.txt,20,22,0,0,0,0,34,4,0,0
t3_24d6cw.txt,0,6,0,0,0,0,28,2,8,1
t3_24d97g.txt,0,1,5,0,0,1,0,0,0,0
t3_24dbfb.txt,0,0,5,0,0,0,0,0,0,0
t3_24ddba.txt,0,0,2,0,0,0,0,0,0,0
t3_24ddqo.txt,0,0,4,0,0,0,0,0,0,0
t3_24dmqs.txt,0,2,0,0,10,3,1,1,0,7
t3_24dnsx.txt,0,8,0,0,0,0,17,0,1,0
t3_24doc5.txt,7,5,0,0,0,15,42,0,15,0
t3_24dtw6.txt,0,0,7,0,0,0,0,0,0,0
t3_24dw23.txt,0,0,3,2,0,0,0,3,1,0
t3_24dxxd.txt,3,20,0,7,0,7,49,13,21,5
t3_24e2ih.txt,0,1,3,0,0,0,0,0,0,0
t3_24e4n7.txt,0,0,5,2,0,2,0,0,0,0
t3_24e6e6.txt,0,24,0,0,0,0,1,0,23,0
t3_24e7xg.txt,0,8,0,0,0,0,27,0,0,0
t3_24ed7e.txt,0,88,0,0,0,0,13,0,114,0
t3_24ee82.txt,48,59,0,0,0,4,13,0,4,0
t3_24ejju.txt,1,0,5,4,0,1,0,0,0,0
t3_24end4.txt,0,0,5,0,0,0,0,0,0,0
t3_24eq40.txt,11,23,0,0,0,10,20,1,41,4
t3_24er3m.txt,0,8,0,0,0,0,0,0,1,0
t3_24erfc.txt,0,0,0,15,0,2,0,15,6,18
t3_24ey5s.txt,2,9,5,0,0,58,0,0,0,0
t3_24ezgt.txt,1,0,12,0,0,0,0,4,0,0
t3_24ezv3.txt,1,28,1,1,0,0,72,0,0,13
t3_24f20e.txt,0,3,0,0,3,2,0,0,0,0
t3_24f294.txt,122,48,0,0,0,0,0,0,24,0
t3_24f3p7.txt,0,62,0,1,0,0,0,0,140,0
t3_24f750.txt,0,0,2,0,0,0,1,0,0,0
t3_24fbhx.txt,0,106,0,0,0,0,0,0,190,58
t3_24fbvm.txt,0,60,0,0,0,0,0,0,0,20
t3_24ffm5.txt,0,0,7,0,0,2,0,0,0,0
t3_24fhs2.txt,0,30,2,0,0,0,14,0,12,0
t3_24fioe.txt,13,14,0,0,5,3,0,2,0,5
t3_24fjni.txt,0,8,0,0,0,0,1,13,1,2
t3_24fm1a.txt,0,35,0,0,3,0,0,0,20,58
t3_24fmj2.txt,1,21,1,0,2,0,0,0,2,39
t3_24fth6.txt,1,26,0,0,0,0,0,33,51,34
t3_24fuqh.txt,0,8,0,0,5,0,48,0,0,0
t3_24fx3d.txt,0,34,0,8,1,0,2,0,6,0
t3_24g2vo.txt,1,41,0,0,2,38,0,0,0,0
t3_24g66m.txt,0,2,6,0,0,0,0,0,0,0
t3_24g6kn.txt,0,0,7,0,0,0,0,0,0,0
t3_24gcnn.txt,0,1,9,0,0,0,0,0,0,0
t3_24gf2v.txt,22,26,0,0,0,0,31,0,0,0
t3_24gfr1.txt,0,2,6,0,0,0,1,0,0,0
t3_24gg1z.txt,4,63,0,0,2,0,0,0,75,13
t3_24gmhd.txt,5,17,1,2,0,16,0,1,3,1
t3_24gmmr.txt,0,22,0,0,0,0,0,0,7,26
t3_24gu1b.txt,0,27,0,0,0,0,21,1,0,0
t3_24gus8.txt,0,1,6,0,0,1,0,0,1,0
t3_24gy3v.txt,7,12,1,0,0,0,0,2,52,0
t3_24h2xv.txt,0,0,14,0,0,0,0,0,0,1
t3_24h3b5.txt,102,38,0,0,0,0,23,1,199,0
t3_24h5u3.txt,0,1,0,3,0,1,0,1,0,0
t3_24h6ca.txt,2,1,0,2,0,0,26,0,0,2
t3_24h6hv.txt,0,48,0,0,56,0,0,0,77,32
t3_24h6z2.txt,0,0,5,0,0,0,0,0,0,0
t3_24h75q.txt,4,4,0,2,0,0,57,4,2,0
t3_24hcca.txt,0,2,21,0,0,0,0,0,0,0
t3_24hd41.txt,0,0,5,0,1,1,0,0,0,0
t3_24hgy5.txt,0,8,0,0,5,0,28,0,0,6
t3_24hiai.txt,0,94,0,0,0,0,6,0,49,0
t3_24hjg7.txt,0,18,0,0,0,18,1,0,5,3
t3_24hjxd.txt,3,0,6,0,0,0,0,0,1,0
t3_24hjyb.txt,0,1,4,0,0,2,0,0,0,0
t3_24hlti.txt,0,0,9,0,0,0,0,0,0,0
t3_24hmju.txt,0,27,0,0,0,0,1,0,30,0
t3_24hn1k.txt,2,0,6,0,0,0,0,0,0,0
t3_24hr9k.txt,0,76,0,0,0,0,0,0,3,10
t3_24hxuw.txt,4,33,12,0,0,0,2,41,10,0
t3_24hy9p.txt,1,7,0,0,24,1,0,15,12,10
t3_24i1bk.txt,12,75,24,0,0,45,31,0,0,0
t3_24i2am.txt,0,17,0,0,0,0,12,0,0,6
t3_24i3gg.txt,0,137,0,0,0,0,0,0,180,3
t3_24i4yr.txt,14,29,0,0,23,0,0,0,29,4
t3_24i52o.txt,14,32,0,0,0,1,34,0,22,0
t3_24ianu.txt,0,45,4,0,38,17,0,0,0,0
t3_24id7h.txt,0,3,9,0,0,0,0,0,0,0
t3_24idd4.txt,0,0,3,0,0,0,0,0,0,0
t3_24ih2l.txt,23,70,0,0,0,0,0,0,19,58
t3_24iktb.txt,0,0,3,0,0,0,0,0,0,0
t3_24ikvr.txt,0,5,0,0,0,1,31,0,3,0
t3_24ilkj.txt,0,0,4,0,0,0,0,0,0,0
t3_24isvr.txt,10,28,0,0,3,49,2,0,58,15
t3_24itdf.txt,0,0,15,0,0,0,0,0,0,4
t3_24ivc0.txt,4,80,3,34,0,0,0,22,3,4
t3_24iyp5.txt,3,25,7,1,0,34,1,0,17,45
t3_24j1hs.txt,0,0,6,0,0,0,0,0,0,0
t3_24j315.txt,0,1,4,0,0,0,0,0,0,0
t3_24j5gu.txt,0,30,0,0,0,0,59,0,1,8
t3_24j65e.txt,0,0,4,0,0,0,0,0,0,0
t3_24j6e6.txt,0,0,4,0,0,0,0,0,0,0
t3_24j6ff.txt,45,35,0,0,0,0,0,0,3,15
t3_24jeea.txt,0,0,2,0,0,0,0,0,0,0
t3_24jfhc.txt,0,0,3,0,0,0,0,0,0,0
t3_24jfv3.txt,0,1,4,0,0,0,0,0,0,0
t3_24jhyb.txt,0,0,3,0,0,0,0,0,0,0
t3_24jjmz.txt,1,0,2,0,0,0,0,0,0,0
t3_24jleo.txt,0,0,12,0,3,0,0,0,0,0
t3_24jljr.txt,0,20,1,9,0,3,1,0,10,0
t3_24jnxz.txt,0,0,4,0,0,0,0,0,0,0
t3_24jopn.txt,4,22,0,0,0,4,1,0,4,17
t3_24jpzy.txt,0,1,4,0,0,0,1,0,0,0
t3_24jqly.txt,5,16,0,7,6,0,0,5,0,0
t3_24jsn0.txt,0,32,0,0,0,8,0,41,0,135
t3_24jsyy.txt,2,0,8,0,0,0,0,0,4,0
t3_24juuz.txt,0,0,3,0,0,0,0,0,0,0
t3_24jwag.txt,0,1,1,5,0,0,0,0,0,1
t3_24k161.txt,0,0,10,0,0,0,0,0,0,0
t3_24k1og.txt,0,0,4,0,0,0,0,0,0,0
t3_24k1p5.txt,0,0,3,0,0,0,0,0,0,0
t3_24k4ck.txt,0,26,0,0,0,0,0,0,0,43
t3_24k52f.txt,3,3,6,0,0,0,0,0,0,0
t3_24k5ux.txt,0,14,1,0,0,0,28,0,0,0
t3_24k69j.txt,0,12,0,0,0,0,3,0,0,0
t3_24kelc.txt,0,0,2,0,0,0,0,0,0,0
t3_24kgcx.txt,0,0,0,0,0,0,22,0,1,0
t3_24kh6o.txt,0,0,3,0,0,0,0,0,0,0
t3_24khqi.txt,15,11,3,0,0,0,22,0,23,1
t3_24ki3n.txt,0,0,3,0,0,0,0,0,0,0
t3_24kifc.txt,0,1,12,0,0,0,0,0,0,1
t3_24kijk.txt,0,0,3,0,0,0,0,0,0,0
t3_24kipp.txt,0,4,6,0,0,0,0,0,1,0
t3_24kl0p.txt,0,0,4,0,0,0,0,0,0,0
t3_24knss.txt,0,0,3,0,0,0,0,0,0,0
t3_24krwt.txt,1,0,3,0,0,0,0,0,0,0
t3_24ksip.txt,21,62,0,0,3,0,0,0,4,20
t3_24ktxy.txt,0,0,8,0,0,0,0,1,0,0
t3_24kvok.txt,1,20,0,0,0,1,63,0,2,0
t3_24l5ol.txt,0,0,7,0,0,1,0,0,0,0
t3_24l8jy.txt,0,14,2,0,0,0,12,0,68,0
t3_24l9ws.txt,0,0,4,0,0,0,0,0,0,0
t3_24laph.txt,0,77,1,0,0,0,0,0,119,0
t3_24lcgt.txt,0,0,4,0,0,0,0,0,0,0
t3_24lchf.txt,0,78,5,0,9,0,21,18,0,0
t3_24ldc6.txt,30,22,1,0,0,0,1,0,0,0
t3_24lfux.txt,0,0,2,0,0,0,0,0,0,0
t3_24lglx.txt,1,55,2,0,0,0,5,0,15,0
t3_24lj83.txt,0,0,3,0,0,0,0,1,0,0
t3_24ljiu.txt,0,0,3,0,0,0,0,0,0,0
t3_24lno8.txt,0,11,0,0,5,0,15,0,8,0
t3_24lquj.txt,0,1,8,0,0,0,0,0,0,0
t3_24lur6.txt,0,0,13,0,0,0,0,0,0,0
t3_24m79w.txt,0,0,6,1,0,0,0,0,0,2
t3_24mbme.txt,0,14,0,10,0,0,2,0,7,2
t3_24mcxn.txt,1,1,5,0,0,0,0,0,0,1
t3_24mlly.txt,0,44,4,0,0,39,43,0,13,0
t3_24mmk4.txt,0,2,11,0,0,3,36,0,1,0
t3_24mo40.txt,42,68,0,0,0,0,0,0,40,0
t3_24mrw5.txt,0,5,7,4,0,0,27,0,1,0
t3_24myjr.txt,0,34,0,0,1,0,3,0,1,0
t3_24n21o.txt,0,23,1,6,1,0,1,0,18,16
t3_24nhh9.txt,0,1,9,0,1,0,0,0,0,0
t3_24nje2.txt,44,57,0,1,3,53,24,0,53,0
t3_24nn3j.txt,0,0,22,0,0,0,0,0,0,0
t3_24nr9j.txt,17,29,0,2,0,0,0,1,13,0
t3_24nrww.txt,23,35,5,0,0,12,0,0,0,0
t3_24nui5.txt,0,38,0,0,0,13,0,0,25,3
t3_24ny98.txt,8,4,0,0,21,4,4,0,1,0
t3_24o05y.txt,10,62,0,0,0,0,6,5,0,50
t3_24o0bi.txt,0,0,5,0,0,0,0,0,0,0
t3_24o185.txt,0,92,2,0,6,36,284,0,98,0
t3_24o38x.txt,3,65,0,0,0,0,2,2,16,105
t3_24o500.txt,0,29,0,1,1,0,0,0,1,6
t3_24ocfj.txt,4,7,0,0,25,8,0,0,0,0
t3_24oe6v.txt,14,5,0,0,0,0,0,2,0,17
t3_24oyzs.txt,0,45,0,0,0,0,0,130,0,0
t3_24p0lg.txt,3,8,0,0,0,0,27,0,0,0
t3_24p4r1.txt,3,18,0,0,5,71,0,0,14,4
t3_24p5rt.txt,2,74,0,0,0,0,0,4,0,0
t3_24pbgs.txt,0,2,14,0,0,0,0,3,0,0
t3_24pgg9.txt,0,5,0,11,0,0,6,0,2,0
t3_24pqyu.txt,23,74,4,101,1,0,0,4,2,0
t3_24q1jm.txt,0,60,0,58,0,0,0,3,101,0
t3_24q27d.txt,0,106,0,54,0,2,0,0,0,12
t3_24q2vn.txt,0,0,4,0,0,0,0,0,0,0
t3_24q6ua.txt,1,34,0,3,9,0,0,0,16,0
t3_24q9rk.txt,0,2,2,0,1,0,0,0,0,0
t3_24qnk1.txt,2,12,0,3,0,0,48,0,17,0
t3_24qqnu.txt,20,40,0,0,0,0,0,0,0,1
t3_24quqw.txt,0,5,0,0,0,11,33,10,1,1
t3_24qvlj.txt,4,7,0,0,0,0,3,0,0,0
t3_24qw0i.txt,0,15,0,0,0,34,0,0,6,1
t3_24qy0q.txt,0,30,0,0,0,0,14,2,12,7
t3_24r4t5.txt,0,1,6,0,0,2,0,0,0,0
t3_24r6wl.txt,0,0,3,0,0,0,0,0,0,0
t3_24r7l9.txt,0,15,0,0,4,0,66,0,10,0
t3_24r9yk.txt,7,14,0,0,0,0,0,3,17,0
t3_24rh0z.txt,0,66,0,0,0,35,2,0,15,0
t3_24rppw.txt,0,0,7,1,0,0,0,0,0,0
t3_24rsl7.txt,0,15,0,0,1,5,0,0,0,4
t3_24rwvc.txt,0,30,0,0,0,0,0,0,3,0
t3_24rx3t.txt,1,0,7,0,0,1,0,0,0,0
t3_24s09x.txt,0,0,8,0,1,0,0,3,0,0
t3_24s18p.txt,0,0,9,0,0,0,0,0,0,0
t3_24s6is.txt,0,56,0,2,24,0,0,0,51,0
t3_24s8a1.txt,0,5,0,0,0,0,18,0,4,0
t3_24sbas.txt,0,0,7,0,0,1,0,2,0,0
t3_24sbo6.txt,1,2,10,0,0,0,0,0,0,0
t3_24sh46.txt,0,0,4,1,0,1,0,0,1,0
t3_24shs3.txt,0,7,3,0,0,0,0,0,0,0
t3_24si4l.txt,0,5,0,0,2,0,8,0,0,10
t3_24sldx.txt,0,2,5,0,2,3,0,0,0,0
t3_24slhz.txt,0,13,0,0,0,0,14,0,5,0
t3_24snjd.txt,1,296,0,0,0,0,21,0,61,30
t3_24snps.txt,0,88,3,27,0,31,0,8,3,0
t3_24snw5.txt,14,28,0,0,0,0,0,0,5,0
t3_24so33.txt,0,0,6,0,2,0,0,0,0,0
t3_24sthd.txt,1,2,6,0,0,0,0,0,0,0
t3_24stm6.txt,0,0,0,0,0,0,0,0,0,0
t3_24suom.txt,0,14,0,0,19,3,0,0,0,0
t3_24sv1a.txt,1,116,2,0,0,0,0,26,0,2
t3_24sw5k.txt,7,55,0,0,0,0,1,0,80,9
t3_24syez.txt,5,14,0,0,2,19,0,0,0,0
t3_24syms.txt,0,1,4,0,0,0,0,1,1,0
t3_24t4p7.txt,0,0,10,0,0,0,0,0,0,0
t3_24t84m.txt,0,1,8,0,1,0,0,0,0,1
t3_24tg2v.txt,0,27,0,14,0,37,120,0,0,8
t3_24th0x.txt,0,91,0,0,2,0,1,0,36,21
t3_24th3v.txt,0,0,19,0,0,0,0,0,0,0
t3_24thy4.txt,2,38,1,0,0,0,0,0,27,16
t3_24tkt8.txt,2,151,0,4,0,0,0,0,0,5
t3_24tm02.txt,0,28,0,0,0,0,0,0,0,0
t3_24tt0g.txt,3,10,0,0,0,0,4,0,8,0
t3_24txho.txt,0,72,0,0,0,0,0,6,130,6
t3_24tyea.txt,0,1,0,0,0,0,0,0,5,0
t3_24tyqt.txt,2,35,0,0,0,1,16,2,29,0
t3_24u1d1.txt,26,34,2,0,0,0,0,0,9,6
t3_24u1wy.txt,4,17,0,0,0,0,0,0,1,14
t3_24u36j.txt,0,5,0,0,0,0,0,0,0,2
t3_24u3ls.txt,0,17,3,0,0,0,0,0,7,0
t3_24u42p.txt,7,0,0,0,0,0,26,1,0,5
t3_24u7kr.txt,0,0,0,0,23,0,12,0,13,0
t3_24u846.txt,0,1,5,0,0,0,0,0,0,0
t3_24u9sv.txt,0,25,0,0,11,0,0,1,0,1
t3_24uda4.txt,12,62,1,0,0,0,0,0,20,0
t3_24ujz4.txt,15,23,0,0,0,2,3,0,33,0
t3_24uk7a.txt,2,3,0,0,0,1,0,0,60,0
t3_24upni.txt,0,22,0,0,1,0,123,0,1,0
t3_24uq08.txt,6,2,0,0,0,5,19,4,0,1
t3_24usvn.txt,0,29,0,0,0,0,0,0,0,0
t3_24ut0v.txt,0,13,0,0,0,0,2,25,0,0
t3_24uyj6.txt,1,32,2,1,0,0,0,1,19,27
t3_24v3wg.txt,0,83,9,0,52,3,0,34,9,74
t3_24v5p1.txt,0,0,10,0,0,0,0,0,0,0
t3_24v6pf.txt,0,0,7,0,0,0,0,0,0,0
t3_24v7cy.txt,0,16,0,0,0,0,18,0,0,0
t3_24v7yo.txt,7,63,0,0,0,35,0,2,0,3
t3_24v7yu.txt,6,90,0,0,0,0,0,0,63,0
t3_24v9fz.txt,0,0,8,2,1,0,0,0,0,0
t3_24vcr8.txt,19,75,0,11,0,32,0,0,3,0
t3_24vfxc.txt,0,16,0,0,0,11,0,0,0,0
t3_24vg7e.txt,1,9,0,0,0,0,15,0,4,0
t3_24viuc.txt,0,0,3,0,1,0,0,0,2,0
t3_24vkah.txt,0,18,0,0,0,0,0,0,3,0
t3_24vpd6.txt,0,1,3,1,0,0,0,1,0,0
t3_24vyv9.txt,0,1,4,0,0,0,0,2,0,0
t3_24w02c.txt,0,201,0,6,0,0,2,0,0,0
t3_24w1mu.txt,25,78,0,0,0,6,0,1,0,17
t3_24w506.txt,0,3,16,1,0,0,0,0,0,0
t3_24w5n5.txt,0,0,3,0,0,0,0,0,2,0
t3_24whhb.txt,59,54,0,2,0,0,22,0,2,0
t3_24whm7.txt,0,5,0,0,0,22,0,0,1,0
t3_24wjdz.txt,4,114,6,0,0,0,3,0,6,6
t3_24wli8.txt,0,0,6,0,0,0,0,1,0,0
t3_24wn00.txt,1,11,0,0,0,0,37,0,0,0
t3_24wovj.txt,0,20,0,16,4,0,0,45,0,6
t3_24wtqy.txt,23,18,2,0,0,8,0,0,30,0
t3_24wtve.txt,4,82,1,0,0,0,3,0,27,36
t3_24wtyk.txt,0,30,0,0,0,9,0,13,15,20
t3_24wuxp.txt,0,0,4,3,0,0,0,0,0,0
t3_24ww6m.txt,0,37,0,0,13,0,0,0,32,0
t3_24wwdb.txt,0,17,0,0,0,0,16,0,0,0
t3_24wz9h.txt,0,0,4,0,7,0,0,0,0,0
t3_24xc6a.txt,35,22,5,0,0,0,1,0,94,0
t3_24xck2.txt,114,22,0,0,0,0,0,45,0,0
t3_24xfos.txt,2,46,0,0,2,0,2,0,1,24
t3_24xgll.txt,2,37,0,0,16,2,7,0,0,0
t3_24xh9z.txt,0,2,5,0,0,1,0,0,0,0
t3_24xhgt.txt,0,65,0,0,1,0,0,1,22,0
t3_24xkt8.txt,0,0,3,0,0,0,0,0,0,0
t3_24xl09.txt,26,37,0,0,0,0,0,0,5,0
t3_24xpa5.txt,0,10,0,3,0,0,0,0,0,0
t3_24xulq.txt,0,10,0,8,0,0,0,2,3,0
t3_24xwzm.txt,71,50,0,0,0,0,0,0,49,3
t3_24y88r.txt,0,3,6,0,0,0,0,0,1,0
t3_24y8yc.txt,0,10,0,0,25,39,1,0,0,0
t3_24yc4f.txt,0,0,6,0,0,0,0,0,0,0
t3_24yeqy.txt,2,13,0,0,0,0,0,0,5,40
t3_24yham.txt,0,13,0,0,0,0,69,2,0,1
t3_24yk2c.txt,0,14,0,0,0,0,103,0,8,0
t3_24yosr.txt,0,21,0,4,0,0,0,5,51,0
t3_24ypb1.txt,0,114,0,0,1,17,0,0,0,0
t3_24yqkd.txt,0,0,6,0,0,0,0,0,0,0
t3_24yrhx.txt,0,62,0,82,0,36,0,22,1,0
t3_24yrt0.txt,3,15,0,0,0,0,0,40,0,0
t3_24yu0i.txt,46,75,0,2,0,0,6,0,0,38
t3_24yvie.txt,1,9,1,0,0,0,1,12,15,8
t3_24yvjq.txt,3,0,3,0,0,0,0,0,0,0
t3_24z12z.txt,0,0,4,0,0,0,1,1,0,0
t3_24z5e9.txt,2,90,0,0,0,0,1,0,0,60
t3_24z6kj.txt,0,0,17,0,0,0,0,0,1,2
t3_24z6la.txt,0,18,0,0,0,9,46,0,0,0
t3_24z7fe.txt,0,0,3,0,0,0,0,0,0,2
t3_24z8dp.txt,0,11,0,0,30,11,0,3,0,0
t3_24zaqd.txt,2,0,0,0,0,17,90,0,0,0
t3_24ze6a.txt,0,0,6,0,1,0,0,2,0,0
t3_24zf9l.txt,1,7,0,0,0,0,19,0,1,0
t3_24zfak.txt,1,2,1,0,0,0,0,4,0,0
t3_24zhyn.txt,12,27,0,8,0,0,0,13,5,0
t3_24zi32.txt,0,0,15,0,0,0,0,0,0,0
t3_24zjkq.txt,0,12,9,0,0,0,1,7,5,0
t3_24zl8y.txt,0,1,9,0,0,0,0,1,0,0
t3_24znvm.txt,5,6,0,0,1,0,0,22,11,0
t3_24zxp2.txt,0,39,0,0,0,0,0,45,0,3
t3_24zzf3.txt,0,38,0,0,0,6,0,10,0,44
t3_2501ay.txt,0,22,1,0,0,0,0,4,47,0
t3_2502ze.txt,0,2,0,0,0,0,0,10,0,0
t3_2503kp.txt,31,20,2,1,0,0,0,1,30,0
t3_2504xs.txt,0,0,10,0,0,0,0,0,0,0
t3_250671.txt,16,84,0,10,0,0,0,0,15,0
t3_2506qf.txt,6,22,0,0,0,0,0,5,1,22
t3_2509zq.txt,0,2,0,0,3,2,1,14,0,0
t3_250bdo.txt,0,30,0,0,0,15,19,0,0,0
t3_250bpd.txt,0,13,12,0,0,8,0,20,1,8
t3_250c66.txt,21,24,0,0,0,0,0,2,11,0
t3_250d0v.txt,12,90,0,0,0,0,0,0,13,0
t3_250dwm.txt,0,17,0,0,0,2,1,0,0,0
t3_250e5k.txt,0,0,15,0,0,1,0,0,1,0
t3_250fei.txt,16,14,0,0,2,0,0,0,0,0
t3_250gnh.txt,0,5,0,0,0,5,0,0,3,0
t3_250k63.txt,0,0,14,0,0,0,0,0,0,1
t3_250lbe.txt,0,58,0,2,0,146,3,4,5,0
t3_250lnl.txt,0,1,5,1,0,0,0,0,0,0
t3_250lzn.txt,0,0,6,0,0,0,0,0,0,0
t3_250osq.txt,3,2,0,1,0,0,0,6,0,0
t3_250pdy.txt,0,84,0,0,3,26,6,0,33,0
t3_250pv0.txt,10,60,0,0,0,0,0,0,41,0
t3_250q3e.txt,0,0,6,0,0,0,0,0,0,0
t3_250xzs.txt,32,16,0,0,0,0,2,2,221,0
t3_250z8c.txt,0,1,4,0,1,0,0,0,0,0
t3_250zjw.txt,7,63,0,0,0,0,0,0,12,48
t3_2515nb.txt,0,0,5,0,0,0,0,0,0,0
t3_25162f.txt,5,3,9,0,0,0,0,0,1,0
t3_25163n.txt,0,44,2,0,0,0,0,0,8,4
t3_2516wb.txt,0,0,4,0,0,0,0,3,0,0
t3_251a1v.txt,4,0,6,0,0,0,0,0,0,0
t3_251are.txt,12,1,32,0,0,0,0,0,0,0
t3_251btx.txt,0,3,0,0,0,0,1,40,0,0
t3_251c2m.txt,0,0,16,0,0,0,0,0,0,0
t3_251dff.txt,0,0,11,0,0,0,0,0,0,0
t3_251dir.txt,0,6,2,1,0,10,0,10,0,0
t3_251f5c.txt,0,0,3,2,1,0,0,1,0,0
t3_251ff6.txt,0,28,0,0,0,0,0,58,0,1
t3_251ggn.txt,0,2,8,0,0,0,0,0,0,0
t3_251hyy.txt,0,1,4,0,0,0,0,0,0,0
t3_251iny.txt,0,259,1,40,0,0,10,13,74,17
t3_251j5a.txt,0,65,0,6,0,0,0,0,10,0
t3_251mis.txt,0,2,10,0,0,1,0,0,0,0
t3_251mub.txt,0,14,0,0,1,0,0,27,0,0
t3_251ok1.txt,0,16,0,1,0,1,1,64,0,0
t3_251ot3.txt,0,0,4,0,0,0,0,0,0,0
t3_251ovr.txt,1,44,0,6,0,0,0,74,0,0
t3_251p4a.txt,0,21,5,7,0,0,0,131,15,0
t3_251pmb.txt,0,0,10,0,0,0,0,0,0,0
t3_251qll.txt,2,25,0,0,0,0,0,49,0,0
t3_251rh0.txt,0,7,2,0,9,0,0,7,1,18
t3_251wcp.txt,0,16,0,0,0,0,5,119,0,0
t3_251x6d.txt,0,22,0,0,1,0,0,0,7,14
t3_251xe9.txt,12,35,0,0,0,0,7,0,58,2
t3_2524iq.txt,0,0,3,0,0,0,1,3,0,0
t3_2524k3.txt,2,23,1,0,1,0,0,10,0,0
t3_2524vl.txt,0,1,3,0,2,0,0,0,0,3
t3_252696.txt,0,0,9,0,0,0,0,0,0,0
t3_2526zx.txt,0,67,0,0,0,0,0,262,13,0
t3_2529l1.txt,0,99,0,0,0,5,0,0,0,0
t3_2529mo.txt,0,0,4,11,0,10,0,11,1,0
t3_2529um.txt,0,144,0,0,24,9,3,0,109,0
t3_252d71.txt,5,71,1,6,0,1,0,13,5,0
t3_252e0w.txt,0,3,8,6,0,0,2,0,0,0
t3_252e7o.txt,0,0,5,0,0,0,0,0,0,0
t3_252ep3.txt,2,1,0,2,4,0,6,0,1,0
t3_252esw.txt,0,0,7,0,0,0,1,0,0,0
t3_252fme.txt,0,1,0,0,0,0,2,5,0,1
t3_252fno.txt,0,0,0,0,0,0,0,37,1,0
t3_252gyk.txt,1,49,1,0,5,0,1,0,25,0
t3_252gzo.txt,0,3,5,0,0,0,0,0,0,2
t3_252hkh.txt,0,0,4,0,0,0,0,0,1,0
t3_252k18.txt,20,20,0,0,0,0,0,0,6,2
t3_252kc7.txt,0,2,14,0,0,0,0,0,0,0
t3_252l04.txt,0,0,0,0,0,0,0,0,0,0
t3_252lci.txt,0,12,0,0,0,0,0,17,0,0
t3_252ldo.txt,0,11,0,0,0,19,38,0,0,0
t3_252lk7.txt,2,1,9,0,0,0,0,0,0,0
t3_252mwq.txt,0,1,8,0,0,0,0,0,0,0
t3_252nro.txt,0,1,15,0,0,0,0,0,0,0
t3_252nxu.txt,0,9,1,0,0,0,1,0,0,0
t3_252pu7.txt,0,61,0,3,0,1,9,39,0,0
t3_252q6d.txt,0,18,0,0,0,0,0,57,0,14
t3_252ro4.txt,0,1,0,0,0,0,0,4,0,0
t3_252scl.txt,0,41,2,0,0,0,3,86,1,0
t3_252vmy.txt,7,45,0,0,0,0,0,2,5,7
t3_252zar.txt,3,3,1,0,5,0,0,0,0,0
t3_252zzr.txt,0,4,0,1,0,17,0,2,2,0
t3_25310v.txt,0,15,0,0,0,27,0,0,2,27
t3_25330c.txt,1,0,7,0,0,2,0,0,0,1
t3_2533ap.txt,3,19,0,0,3,13,1,27,7,9
t3_2536jb.txt,0,9,0,0,0,0,16,0,1,0
t3_2536uq.txt,0,12,0,0,0,8,17,1,0,0
t3_2537h8.txt,0,0,9,0,0,0,0,0,0,0
t3_2538n3.txt,0,0,9,3,0,0,0,0,0,1
t3_253aaz.txt,0,0,3,0,0,0,0,0,0,0
t3_253ak2.txt,4,133,1,0,51,0,0,2,4,0
t3_253baw.txt,3,3,0,0,0,0,35,3,0,0
t3_253gje.txt,0,0,10,0,3,0,0,0,0,0
t3_253gjk.txt,0,0,6,0,0,0,0,0,0,0
t3_253ifl.txt,0,14,4,0,1,0,0,10,0,0
t3_253jfr.txt,0,61,1,0,0,0,0,1,27,82
t3_253kzb.txt,0,4,2,0,0,0,0,41,3,0
t3_253miu.txt,0,0,3,0,0,0,0,0,0,0
t3_253ook.txt,0,15,0,8,0,0,0,0,0,11
t3_253pc6.txt,1,33,0,0,0,24,11,3,1,0
t3_253psv.txt,5,10,0,0,0,0,6,0,0,0
t3_253r1w.txt,14,72,0,1,0,0,146,5,55,0
t3_253s6i.txt,0,10,0,1,27,0,7,12,2,0
t3_253tds.txt,0,0,9,0,0,3,0,0,0,0
t3_253v5g.txt,0,44,0,0,5,0,150,0,0,0
t3_253vki.txt,3,99,1,1,69,0,1,35,35,0
t3_253xg3.txt,19,10,0,0,0,0,0,1,1,0
t3_253xpv.txt,0,0,0,0,0,0,0,0,0,0
t3_253yew.txt,15,15,3,0,0,0,0,0,0,0
t3_253zds.txt,0,34,0,4,0,0,10,8,50,0
t3_2540d4.txt,0,0,4,0,1,0,0,0,0,0
t3_2542a7.txt,42,51,0,2,0,6,36,0,45,0
t3_2542eq.txt,18,124,0,9,0,0,0,0,113,1
t3_2542pr.txt,0,11,0,0,0,0,0,30,22,0
t3_2542yb.txt,0,18,0,6,30,0,11,0,9,0
t3_25437r.txt,0,0,4,0,0,0,0,0,0,0
t3_2544g5.txt,0,2,0,0,10,0,9,0,0,0
t3_2544sj.txt,0,0,9,0,0,0,0,1,2,0
t3_2545m4.txt,0,7,0,0,0,0,13,0,1,0
t3_2545xt.txt,0,19,1,0,0,0,57,0,5,0
t3_25465o.txt,0,0,4,0,0,0,0,0,0,0
t3_2546uz.txt,12,12,0,0,2,1,1,0,7,1
t3_2548u0.txt,0,22,5,1,0,0,0,12,0,0
t3_254ab5.txt,8,59,0,0,0,0,61,11,0,0
t3_254eo5.txt,9,18,15,0,17,45,0,4,0,0
t3_254fk9.txt,0,0,4,0,0,0,0,0,0,0
t3_254g0q.txt,0,1,4,0,1,0,0,0,0,0
t3_254ghe.txt,0,0,4,0,0,0,0,0,0,0
t3_254ima.txt,0,12,1,1,0,7,40,1,1,0
t3_254iq6.txt,0,0,4,0,0,0,0,0,0,0
t3_254jqu.txt,0,0,3,0,0,0,0,0,0,0
t3_254ksb.txt,0,0,5,1,0,0,0,1,1,0
t3_254lgs.txt,1,1,0,0,0,3,0,6,0,0
t3_254lia.txt,0,0,2,0,0,0,1,0,0,0
t3_254mnq.txt,1,0,5,0,0,0,0,0,0,0
t3_254mpj.txt,1,23,0,0,89,25,67,0,29,0
t3_254mvt.txt,0,46,0,0,0,33,19,0,19,0
t3_254ogf.txt,3,4,2,0,1,0,0,1,0,0
t3_254pjv.txt,14,32,0,12,0,3,1,4,14,0
t3_254pmj.txt,0,13,0,0,1,4,38,0,11,0
t3_254qak.txt,0,0,4,0,0,0,0,0,0,0
t3_254qd2.txt,0,0,5,0,0,0,0,0,0,0
t3_254qv3.txt,0,26,0,33,0,0,3,21,0,4
t3_254qvy.txt,0,115,0,0,0,0,0,0,42,39
t3_254qxf.txt,0,18,0,0,0,28,0,0,0,0
t3_254s0w.txt,4,0,6,0,0,0,0,0,1,0
t3_254tv9.txt,2,16,2,0,0,0,0,19,1,0
t3_254uk1.txt,3,5,0,0,0,0,5,3,0,0
t3_254ust.txt,0,0,2,0,1,0,0,0,0,0
t3_254w4n.txt,0,0,2,0,1,0,0,0,0,0
t3_254wh6.txt,2,56,8,0,0,4,0,160,3,13
t3_254xnl.txt,1,1,11,0,0,0,1,0,0,0
t3_254xsm.txt,2,23,0,16,0,0,5,42,1,0
t3_254ywn.txt,0,0,4,0,0,0,0,0,0,0
t3_254znj.txt,0,1,3,0,3,0,0,0,0,0
t3_25504x.txt,0,0,4,0,0,0,0,0,0,0
t3_25505n.txt,0,0,7,0,0,0,0,0,0,0
t3_2550up.txt,0,0,3,0,0,0,0,1,0,0
t3_2551dj.txt,0,0,0,0,3,0,10,0,0,0
t3_2551tq.txt,0,0,2,0,1,0,0,0,0,0
t3_25521m.txt,0,0,3,0,0,0,0,0,0,0
t3_25524d.txt,1,0,7,0,0,0,0,0,0,3
t3_25526d.txt,0,20,3,18,0,0,1,31,0,0
t3_25535k.txt,0,0,5,0,0,0,0,3,0,0
t3_2553ls.txt,0,1,6,0,1,0,0,0,0,1
t3_25544y.txt,0,1,8,0,0,0,0,1,0,0
t3_2554mu.txt,0,0,3,0,0,0,0,0,0,0
t3_2557bk.txt,0,8,0,0,0,0,10,0,0,0
t3_2557m9.txt,1,0,3,0,0,0,0,0,0,0
t3_2558le.txt,1,0,3,0,0,0,0,0,0,0
t3_2558tj.txt,0,26,0,0,28,5,2,0,0,0
t3_2559y0.txt,0,5,0,0,10,0,14,0,0,0
t3_255ao3.txt,0,18,0,0,7,0,0,9,2,0
t3_255awf.txt,17,58,0,0,1,19,0,19,34,25
t3_255c4m.txt,2,7,4,0,0,0,0,0,1,0
t3_255c6v.txt,0,56,0,0,0,2,0,21,0,0
t3_255cis.txt,2,23,20,0,0,0,0,12,5,38
t3_255da7.txt,3,0,4,0,0,0,0,1,0,0
t3_255dne.txt,0,0,3,0,0,0,0,0,0,0
t3_255dxd.txt,0,0,5,0,0,0,0,0,0,0
t3_255ej8.txt,20,30,0,0,19,0,0,4,27,22
t3_255gmp.txt,0,1,0,0,3,0,0,0,0,0
t3_255htu.txt,2,3,9,2,0,0,0,0,0,0
t3_255hwz.txt,0,0,3,0,0,0,0,0,0,0
t3_255i6f.txt,0,0,4,0,0,0,0,0,0,0
t3_255ima.txt,0,0,2,1,0,0,0,0,0,0
t3_255ivp.txt,8,31,0,29,0,1,0,0,11,0
t3_255jqo.txt,0,0,3,0,0,0,0,0,1,0
t3_255k30.txt,3,16,0,0,16,23,5,0,2,0
t3_255k4w.txt,0,0,3,0,0,0,0,1,0,0
t3_255kqw.txt,0,2,0,0,13,1,0,0,0,0
t3_255lbq.txt,0,0,4,0,0,0,0,0,0,0
t3_255lq2.txt,9,29,0,0,141,19,48,0,3,0
t3_255miq.txt,0,0,4,0,0,0,0,0,0,0
t3_255mvh.txt,0,0,3,0,0,0,0,0,0,0
t3_255nr4.txt,0,0,4,0,0,0,0,0,0,0
t3_255oeu.txt,38,33,0,0,0,0,0,1,23,0
t3_255ois.txt,0,0,3,0,0,1,0,0,0,0
t3_255p6w.txt,0,0,3,0,0,0,0,0,0,0
t3_255plh.txt,0,0,4,0,0,0,0,0,0,0
t3_255r24.txt,0,0,3,0,0,0,0,0,0,0
t3_255rx8.txt,0,0,2,0,0,0,0,0,1,0
t3_255s1b.txt,0,1,9,0,0,0,0,0,0,0
t3_255s1r.txt,0,14,3,0,0,0,0,21,4,0
t3_255tbm.txt,0,0,2,0,0,0,0,0,1,0
t3_255tim.txt,0,24,0,0,0,0,26,0,7,23
t3_255tjd.txt,0,0,3,0,0,0,0,0,0,0
t3_255tle.txt,0,6,0,0,0,0,0,19,2,0
t3_255tv1.txt,41,138,2,1,0,0,2,40,224,14
t3_255ujx.txt,0,0,5,0,2,0,0,0,0,0
t3_255uq4.txt,0,10,1,0,0,51,0,0,4,0
t3_255wbg.txt,0,0,5,0,0,0,0,0,0,0
t3_255x76.txt,0,4,0,0,0,0,19,5,0,0
t3_255xt9.txt,0,0,2,0,1,0,0,0,0,0
t3_255y0f.txt,0,1,2,0,0,0,0,0,0,0
t3_255y8t.txt,0,0,3,0,0,0,0,0,0,0
t3_255ydl.txt,0,36,0,0,0,0,0,0,2,20
t3_255yhi.txt,0,0,4,0,0,0,0,2,0,0
t3_255zg7.txt,21,93,0,0,0,6,24,1,0,0
t3_25601p.txt,0,0,0,0,0,0,31,0,0,0
t3_2560vj.txt,0,0,3,0,0,0,0,0,0,0
t3_25612b.txt,0,19,0,3,0,1,1,35,0,0
t3_2561qm.txt,34,26,2,56,0,0,2,41,1,27
t3_2561ul.txt,0,0,3,0,0,0,0,0,0,0
t3_2561z2.txt,0,0,3,0,0,0,0,0,0,0
t3_2562q7.txt,0,0,3,0,1,0,0,0,0,0
t3_2564en.txt,0,0,1,0,0,5,0,6,0,0
t3_2564sk.txt,0,0,2,0,0,0,1,0,0,0
t3_2564zo.txt,0,8,2,0,0,0,0,0,22,6
t3_25665n.txt,0,52,2,22,0,0,0,0,21,0
t3_256678.txt,0,0,4,0,0,0,0,0,0,0
t3_2567fg.txt,1,0,5,7,0,0,0,0,0,0
t3_256a3k.txt,0,8,0,9,12,0,17,7,0,0
t3_256agg.txt,0,3,0,0,0,0,0,6,0,3
t3_256ckm.txt,0,0,2,0,0,0,0,0,0,0
t3_256d1n.txt,0,5,0,3,0,0,4,0,2,0
t3_256d2d.txt,0,0,2,0,0,0,0,0,1,0
t3_256ej7.txt,0,0,3,0,0,0,0,0,0,1
t3_256f85.txt,14,24,0,23,0,0,0,0,2,1
t3_256fp3.txt,0,0,4,0,0,0,0,0,0,0
t3_256giw.txt,0,71,0,0,0,138,0,0,0,0
t3_256hqj.txt,0,1,8,0,1,0,0,0,0,0
t3_256i3o.txt,57,53,0,0,0,0,0,0,2,4
t3_256l7r.txt,1,0,1,0,1,3,0,0,0,0
t3_256le3.txt,0,19,0,1,0,0,1,2,8,1
t3_256lj9.txt,0,3,1,0,2,21,0,0,3,0
t3_256mdm.txt,0,0,4,0,0,0,0,0,0,0
t3_256o0x.txt,0,25,0,0,21,0,0,0,0,0
t3_256o4b.txt,0,35,0,0,0,0,62,0,4,0
t3_256pqn.txt,0,0,4,0,0,0,0,0,0,0
t3_256r2p.txt,0,0,16,0,0,0,0,0,0,0
t3_256u32.txt,1,22,0,0,0,1,56,0,37,0
t3_256w5d.txt,0,0,0,0,3,0,1,0,0,0
t3_25703k.txt,0,24,1,0,0,6,0,0,12,0
t3_2572ns.txt,1,64,0,0,7,0,7,53,0,0
t3_2573ny.txt,0,2,11,0,0,0,0,0,0,0
t3_25762x.txt,0,0,4,0,0,0,0,0,0,0
t3_2576dy.txt,1,0,6,0,0,0,0,0,0,1
t3_2577mn.txt,0,2,0,0,12,18,14,0,0,0
t3_2577tm.txt,0,0,0,0,0,0,0,0,0,0
t3_2579nz.txt,9,27,0,1,0,0,0,0,43,0
t3_257ae8.txt,0,23,0,2,0,5,10,0,7,4
t3_257aed.txt,1,9,0,0,0,0,61,0,0,0
t3_257b15.txt,0,16,0,0,0,1,7,34,1,0
t3_257bsf.txt,14,58,0,0,32,0,0,1,15,1
t3_257da1.txt,0,28,4,0,0,0,0,0,2,0
t3_257h7b.txt,0,12,0,0,0,0,1,0,3,0
t3_257iw9.txt,0,19,0,2,0,0,27,10,1,0
t3_257k1d.txt,0,26,31,0,0,0,237,14,2,0
t3_257la3.txt,0,7,2,0,8,42,0,0,0,1
t3_257lx9.txt,0,15,1,0,14,0,19,2,0,0
t3_257r0i.txt,0,16,0,0,1,0,77,0,0,0
t3_257r17.txt,0,0,9,0,0,0,0,0,1,0
t3_257s4s.txt,0,119,1,0,0,0,15,20,86,0
t3_257sld.txt,4,42,0,0,0,11,0,5,7,0
t3_257tt7.txt,27,30,4,0,10,11,57,13,30,0
t3_257uwq.txt,0,3,19,0,0,0,0,0,2,4
t3_257w9z.txt,0,6,9,3,0,0,0,10,5,0
t3_257ym2.txt,0,41,0,0,2,18,0,10,2,0
t3_258086.txt,0,12,0,1,0,0,8,5,0,0
t3_2581nt.txt,87,36,0,0,0,0,17,0,3,0
t3_2582es.txt,0,12,1,0,2,0,60,0,14,0
t3_25835l.txt,2,0,0,0,20,2,0,0,6,0
t3_2583ba.txt,0,0,6,0,0,0,0,0,0,0
t3_2585e9.txt,0,1,20,0,0,0,0,0,0,0
t3_258cpi.txt,38,78,0,0,0,0,0,0,20,0
t3_258cr7.txt,4,3,110,26,14,0,6,33,24,19
t3_258f5k.txt,0,2,0,0,0,0,51,1,0,0
t3_258lno.txt,1,35,1,0,0,0,231,2,31,0
t3_258n93.txt,6,14,0,0,0,8,0,0,0,0
t3_258osi.txt,100,41,0,9,24,2,5,0,18,0
t3_258paa.txt,1,53,0,0,0,34,5,0,3,0
t3_258syw.txt,0,1,6,0,0,1,0,0,0,0
t3_258tx8.txt,0,0,8,1,0,0,0,0,0,0
t3_258ul4.txt,7,40,0,0,0,0,37,10,5,22
t3_258v14.txt,1,16,0,0,0,0,5,6,0,0
t3_258yz9.txt,0,0,10,0,0,0,0,0,0,3
t3_259217.txt,0,8,0,0,0,31,8,1,4,0
t3_259230.txt,12,60,0,0,1,113,0,9,3,0
t3_2594vu.txt,0,36,0,0,20,16,4,0,0,0
t3_25963f.txt,0,11,1,1,0,0,0,0,14,1
t3_2597cc.txt,1,11,0,0,22,26,0,0,0,0
t3_259a7m.txt,0,0,0,0,0,1,23,0,0,0
t3_259c4w.txt,13,80,0,0,0,0,0,0,3,30
t3_259d24.txt,0,30,2,0,31,2,1,0,0,1
t3_259eup.txt,15,45,0,0,2,0,0,0,52,0
t3_259feb.txt,1,34,0,0,6,3,2,7,0,0
t3_259flg.txt,0,7,0,0,0,0,0,6,0,0
t3_259gt1.txt,0,0,8,1,0,0,0,0,0,0
t3_259hvk.txt,0,0,2,0,0,1,0,2,1,0
t3_259j7h.txt,0,15,0,0,0,5,0,0,0,1
t3_259kkp.txt,2,1,0,0,0,0,1,1,0,0
t3_259np3.txt,0,54,0,0,0,8,0,0,113,0
t3_259s6h.txt,3,3,0,0,9,0,0,0,0,0
t3_259xof.txt,13,91,0,26,0,0,0,0,1,0
t3_259ywf.txt,14,16,0,0,0,1,0,0,4,4
t3_259zqd.txt,0,13,0,0,0,0,0,0,0,1
t3_25a0uy.txt,0,39,0,2,0,0,27,7,0,1
t3_25a38i.txt,0,81,0,8,0,1,0,0,15,0
t3_25a73w.txt,0,0,6,1,0,0,0,0,1,0
t3_25a86b.txt,1,9,0,0,0,0,1,5,0,0
t3_25a8st.txt,0,23,0,4,9,0,50,0,0,0
t3_25a9ve.txt,0,62,5,0,0,0,0,0,22,0
t3_25aa9a.txt,0,1,4,0,1,0,1,0,0,0
t3_25aarn.txt,31,43,0,0,0,17,4,22,14,0
t3_25acfj.txt,18,25,2,0,0,0,0,0,10,0
t3_25aeo6.txt,0,54,0,8,2,0,0,0,24,14
t3_25af5o.txt,64,26,0,6,0,0,13,5,54,0
t3_25af8e.txt,10,5,0,0,0,0,0,0,19,0
t3_25ahdv.txt,0,30,0,0,0,1,0,0,4,69
t3_25ahmp.txt,0,2,5,0,1,0,0,1,0,0
t3_25ak2h.txt,56,34,0,0,0,0,0,0,18,1
t3_25algi.txt,1,2,1,0,0,0,194,0,23,0
t3_25alrl.txt,18,33,0,1,0,0,1,3,21,0
t3_25aocf.txt,0,11,0,0,9,0,4,8,0,0
t3_25apy7.txt,0,21,0,0,5,0,16,7,0,0
t3_25aq48.txt,1,3,0,1,0,4,1,0,0,0
t3_25as6o.txt,3,0,2,0,0,0,0,0,0,0
t3_25au3c.txt,0,21,0,1,0,0,45,0,0,5
t3_25awaw.txt,0,71,0,0,0,0,2,0,259,0
t3_25axdq.txt,2,3,0,0,2,0,0,1,2,0
t3_25ayem.txt,1,0,5,0,0,0,1,0,0,0
t3_25b26a.txt,0,8,0,0,0,0,0,0,76,5
t3_25b2r9.txt,0,4,0,0,0,0,0,2,1,0
t3_25b604.txt,5,1,7,0,0,0,0,0,0,2
t3_25b93f.txt,6,29,0,0,0,0,0,7,1,0
t3_25bh36.txt,22,40,0,96,0,1,5,2,45,5
t3_25bhu0.txt,0,0,7,0,0,0,0,0,0,0
t3_25bm23.txt,0,2,9,1,0,0,0,0,0,0
t3_25bmmd.txt,3,10,4,0,4,0,18,0,0,0
t3_25bnea.txt,0,0,5,0,0,0,0,1,0,0
t3_25bqy3.txt,0,0,2,1,3,1,0,0,0,0
t3_25bsaw.txt,28,32,0,1,0,0,6,0,17,0
t3_25bvmh.txt,0,0,0,0,2,1,0,0,8,1
t3_25c0j5.txt,0,21,3,0,0,2,0,0,0,1
t3_25c14l.txt,27,98,0,0,0,7,0,0,106,0
t3_25c263.txt,0,29,0,0,0,0,5,2,25,20
t3_25c49s.txt,0,13,0,0,4,11,0,5,2,0
t3_25c4qe.txt,36,78,0,3,0,45,0,20,4,7
t3_25c8r6.txt,2,24,0,0,17,0,0,0,0,0
t3_25c9rm.txt,5,0,2,0,0,0,4,0,0,0
t3_25ca12.txt,0,14,0,0,0,0,34,0,3,0
t3_25caq9.txt,0,0,9,0,0,0,0,0,0,0
t3_25cfm5.txt,0,0,1,0,0,2,0,5,0,0
t3_25cfqv.txt,0,63,0,0,0,18,0,3,18,0
t3_25cgo2.txt,2,32,0,0,0,11,0,0,13,18
t3_25cgyo.txt,0,0,0,0,0,0,0,0,0,0
t3_25cnf7.txt,0,12,0,1,0,6,0,0,0,0
t3_25co8b.txt,0,4,0,0,0,7,53,0,0,0
t3_25covd.txt,2,6,0,0,0,0,0,0,1,0
t3_25csxy.txt,0,3,5,0,0,0,0,0,0,0
t3_25cw2l.txt,1,153,2,2,0,0,13,1,359,25
t3_25cwmh.txt,0,1,2,0,0,1,0,0,1,0
t3_25cxmf.txt,0,3,8,0,0,0,0,0,0,0
t3_25cxx5.txt,0,10,0,0,8,0,0,0,0,0
t3_25cy5j.txt,0,14,2,21,0,0,0,0,5,0
t3_25d1g9.txt,1,0,8,0,1,0,1,0,0,1
t3_25d1x9.txt,0,53,0,0,0,0,0,0,27,0
t3_25d4g5.txt,8,8,0,0,0,0,0,1,44,2
t3_25d6lq.txt,35,98,0,0,14,0,1,0,0,1
t3_25d6te.txt,0,15,3,2,0,23,2,0,5,2
t3_25d8d4.txt,0,0,5,0,0,0,0,0,0,0
t3_25dh8n.txt,1,24,0,0,2,3,2,0,0,0
t3_25dj4q.txt,0,54,1,0,0,1,0,0,51,0
t3_25dkqn.txt,1,0,20,0,0,0,0,0,0,0
t3_25dod4.txt,7,20,3,38,0,0,0,0,0,0
t3_25dod6.txt,2,39,0,2,0,8,1,0,0,23
t3_25doiq.txt,8,23,0,0,0,14,0,0,2,0
t3_25dpxd.txt,0,13,0,0,0,0,84,1,2,1
t3_25dvv8.txt,65,46,0,0,1,0,0,1,149,0
t3_25dyvr.txt,5,41,0,0,0,0,0,1,0,0
t3_25dz2b.txt,0,2,0,0,3,0,0,0,10,0
t3_25e28o.txt,0,1,14,0,0,0,0,0,0,0
t3_25e6u7.txt,0,6,0,0,1,15,2,2,0,0
t3_25e8eo.txt,0,1,4,0,0,0,0,0,0,2
t3_25e8qp.txt,5,20,0,0,0,0,0,6,0,0
t3_25ea52.txt,0,21,7,0,6,0,0,47,10,0
t3_25eaxw.txt,95,43,0,0,0,2,60,0,157,0
t3_25ebsz.txt,0,14,0,0,0,0,0,0,0,4
t3_25ecat.txt,0,146,1,0,1,0,5,60,0,5
t3_25ecp4.txt,0,2,0,0,0,0,16,0,0,0
t3_25eg1y.txt,0,10,0,0,0,0,65,0,16,0
t3_25egsm.txt,0,27,0,0,17,79,0,0,16,10
t3_25ei28.txt,0,2,9,0,0,0,1,0,0,0
t3_25eija.txt,0,2,0,0,0,0,1,2,2,0
t3_25ela4.txt,0,0,7,0,0,0,0,0,0,0
t3_25en3x.txt,0,1,12,4,0,0,0,0,0,0
t3_25envw.txt,5,28,0,0,0,0,1,65,1,0
t3_25eo6o.txt,3,3,0,0,0,0,18,0,0,0
t3_25epgq.txt,0,84,1,0,1,7,0,14,104,0
t3_25esx6.txt,16,32,0,11,64,0,5,0,53,0
t3_25ex3e.txt,3,20,0,0,2,0,0,0,25,5
t3_25f0qk.txt,0,6,0,0,0,0,5,1,0,0
t3_25f0qo.txt,0,27,0,0,0,0,57,0,23,0
t3_25f3kw.txt,0,67,0,0,1,0,0,0,0,0
t3_25f53j.txt,2,61,0,0,0,0,1,0,31,0
t3_25fomv.txt,4,61,0,0,0,0,1,4,2,0
t3_25fpgm.txt,0,22,0,0,0,0,10,0,20,36
t3_25fvj3.txt,0,5,0,0,3,0,0,13,0,0
t3_25g110.txt,0,0,2,0,1,0,0,0,0,4
t3_25g22r.txt,0,0,3,0,0,0,0,0,0,1
t3_25g5eg.txt,0,4,0,0,0,0,21,1,0,1
t3_25g8pe.txt,0,3,16,0,0,0,0,0,0,0
t3_25gate.txt,1,60,0,0,0,0,16,0,26,8
t3_25gets.txt,25,46,0,11,0,91,0,4,5,0
t3_25gfgh.txt,0,1,5,0,0,0,0,3,1,0
t3_25gflm.txt,0,0,5,0,0,0,0,0,0,0
t3_25ghkh.txt,0,24,0,0,6,2,59,1,4,0
t3_25gi9u.txt,0,2,0,0,0,0,0,4,3,14
t3_25gjc9.txt,0,65,2,0,0,0,4,0,9,0
t3_25go5v.txt,0,0,7,0,0,1,2,0,1,0
t3_25go71.txt,0,20,0,0,20,0,101,0,0,0
t3_25gr7y.txt,9,50,8,0,0,0,33,9,1,0
t3_25gt0e.txt,0,20,1,1,0,2,9,0,18,0
t3_25gtzq.txt,1,24,0,0,7,0,16,0,3,1
t3_25guoc.txt,0,0,5,3,0,0,0,0,1,0
t3_25gw66.txt,0,12,0,0,1,9,0,1,2,0
t3_25gwat.txt,0,24,0,0,0,0,0,0,105,0
t3_25gwy7.txt,30,24,0,0,0,0,0,0,13,3
t3_25gxqv.txt,0,0,0,0,13,0,1,1,4,4
t3_25gxvr.txt,0,0,0,3,0,0,0,0,0,1
t3_25h1ij.txt,2,38,0,0,72,2,19,0,139,17
t3_25h3dc.txt,2,17,0,0,0,0,29,0,1,0
t3_25h47d.txt,5,25,3,0,0,0,0,0,0,0
t3_25h4fs.txt,0,2,6,0,0,0,0,0,0,0
t3_25h5qn.txt,0,7,0,0,0,0,37,1,17,0
t3_25h7b4.txt,0,0,3,1,0,0,0,0,1,0
t3_25h7cu.txt,0,17,0,0,10,0,11,0,5,0
t3_25ha2o.txt,0,10,0,0,0,10,0,0,0,0
t3_25ha9w.txt,0,0,0,0,0,0,13,3,0,1
t3_25hapz.txt,34,67,0,0,50,1,0,1,0,0
t3_25hdff.txt,0,15,0,0,0,9,24,0,0,0
t3_25hgav.txt,4,9,0,22,0,0,0,13,3,0
t3_25hgdr.txt,0,0,8,1,0,0,0,0,0,2
t3_25hgv6.txt,0,0,5,2,0,0,0,0,0,3
t3_25hh6t.txt,0,41,0,0,0,0,0,50,0,0
t3_25hiq7.txt,0,18,0,0,0,7,9,0,1,3
t3_25hlqp.txt,0,11,1,0,0,0,0,115,0,0
t3_25hmgx.txt,0,32,0,0,0,0,11,10,4,36
t3_25hmun.txt,0,4,0,0,0,0,0,9,0,0
t3_25ho1k.txt,0,19,0,0,0,0,2,0,16,27
t3_25hodo.txt,0,18,0,0,0,0,36,0,16,0
t3_25hruc.txt,8,40,0,11,0,0,5,5,0,3
t3_25htyv.txt,1,95,0,0,0,17,0,0,2,12
t3_25hvyq.txt,0,0,10,0,0,0,2,0,0,0
t3_25hw59.txt,0,16,0,0,0,25,0,1,1,0
t3_25hyno.txt,0,29,1,0,0,0,35,0,9,0
t3_25i31b.txt,15,50,2,0,21,0,0,0,25,2
t3_25i4ow.txt,0,141,0,0,0,23,9,0,2,0
t3_25i85g.txt,0,30,0,0,0,0,16,1,0,0
t3_25i8ll.txt,0,0,0,0,0,0,0,0,0,0
t3_25iahf.txt,0,102,0,0,4,0,0,1,10,1
t3_25icuv.txt,2,79,3,0,9,0,0,6,76,0
t3_25iejj.txt,0,6,2,0,4,0,0,3,0,2
t3_25if6d.txt,1,22,0,0,0,0,15,0,1,0
t3_25if8w.txt,0,38,0,0,0,2,0,2,2,0
t3_25ifyo.txt,0,39,0,0,0,0,0,0,2,0
t3_25ig1u.txt,1,0,0,0,0,0,59,0,0,0
t3_25igdn.txt,0,2,7,1,0,0,0,0,1,0
t3_25ih98.txt,0,6,0,0,3,0,30,0,8,0
t3_25ij3u.txt,0,0,7,0,0,0,1,0,0,0
t3_25il3p.txt,8,15,0,0,0,0,17,0,0,0
t3_25imqw.txt,0,12,0,0,0,0,0,0,20,0
t3_25iq52.txt,0,53,0,0,0,0,119,1,59,0
t3_25iu5q.txt,0,2,7,0,0,0,0,0,0,0
t3_25iu5z.txt,4,164,0,0,0,0,9,7,26,0
t3_25ivrd.txt,1,0,3,0,0,0,0,0,0,0
t3_25j0yy.txt,3,3,5,0,0,0,0,0,0,0
t3_25j2h2.txt,0,1,5,0,0,1,0,2,0,0
t3_25j2nu.txt,0,0,7,0,0,0,1,0,0,0
t3_25j7ki.txt,0,0,5,0,0,0,1,1,0,0
t3_25j8ap.txt,6,23,1,0,0,0,5,11,0,0
t3_25jbfh.txt,1,41,0,0,0,0,0,0,2,20
t3_25jbl5.txt,0,0,2,3,0,0,0,0,0,0
t3_25jepz.txt,0,0,5,0,0,0,0,0,0,0
t3_25jfne.txt,0,4,0,0,0,0,0,19,0,22
t3_25jg8q.txt,2,15,0,0,0,39,0,0,0,4
t3_25jhr5.txt,0,3,4,2,1,0,0,0,2,0
t3_25jhs8.txt,15,65,0,35,5,2,0,0,3,0
t3_25ji5h.txt,0,1,8,0,0,0,0,0,1,1
t3_25jnjd.txt,0,6,0,0,0,0,30,0,0,0
t3_25jq71.txt,0,21,0,0,0,0,0,54,0,0
t3_25jrki.txt,0,1,7,0,1,0,0,0,0,1
t3_25juw9.txt,11,42,0,0,0,0,3,0,12,0
t3_25jybv.txt,0,0,2,0,0,0,0,0,0,0
t3_25jyeo.txt,1,22,0,0,0,0,0,0,39,0
t3_25jysr.txt,0,0,6,4,2,0,0,1,0,1
t3_25jyvh.txt,0,19,0,0,1,0,0,23,4,0
t3_25k0cc.txt,1,13,0,0,0,0,1,1,0,0
t3_25k0iu.txt,1,75,0,0,0,0,80,1,0,0
t3_25k0t7.txt,6,2,9,1,0,0,13,13,0,0
t3_25k1az.txt,0,3,3,0,1,0,1,63,1,21
t3_25k4r1.txt,19,34,0,0,0,0,10,0,6,0
t3_25k62n.txt,9,14,0,0,1,0,0,0,15,0
t3_25k6bd.txt,0,5,1,0,0,0,0,16,0,0
t3_25k6sw.txt,0,57,0,0,0,0,0,4,21,0
t3_25k7c7.txt,0,3,7,0,0,0,0,0,0,0
t3_25k7pm.txt,49,56,0,0,0,0,0,0,14,2
t3_25kbr3.txt,0,0,3,0,0,0,0,0,0,0
t3_25kfcx.txt,0,7,0,0,0,0,29,0,0,0
t3_25kft4.txt,0,0,3,0,0,0,0,1,0,0
t3_25khlk.txt,0,317,0,70,0,7,0,83,7,0
t3_25khnc.txt,0,0,7,0,0,0,0,0,0,0
t3_25kid4.txt,2,0,1,0,0,0,1,0,0,4
t3_25kkvp.txt,0,2,0,0,0,3,5,0,0,0
t3_25kojc.txt,0,2,7,0,1,0,2,0,1,0
t3_25krb3.txt,1,0,4,3,0,0,0,0,1,0
t3_25kue3.txt,0,0,10,4,2,0,0,0,0,0
t3_25kvfy.txt,0,25,4,20,0,0,1,32,4,0
t3_25kvmg.txt,0,0,7,0,0,0,0,0,1,0
t3_25kvxn.txt,0,0,14,0,1,0,0,0,0,0
t3_25kwhr.txt,0,13,0,0,0,0,0,36,0,0
t3_25kx9c.txt,0,0,4,0,0,1,0,0,0,0
t3_25kzbj.txt,0,5,0,0,0,38,23,0,17,0
t3_25kzrg.txt,0,1,0,0,0,2,7,0,0,0
t3_25kztt.txt,0,139,1,1,1,0,0,0,55,0
t3_25kzu1.txt,15,24,0,5,0,6,0,0,24,0
t3_25l1mh.txt,0,1,0,0,0,0,19,0,0,0
t3_25l5ds.txt,0,6,0,1,0,0,67,0,16,7
t3_25l65q.txt,9,173,0,0,4,0,0,0,16,1
t3_25l6oq.txt,3,30,0,0,0,0,46,0,0,0
t3_25l8a7.txt,1,0,5,0,0,0,0,0,0,0
t3_25l9ks.txt,0,28,0,0,1,0,0,2,12,1
t3_25l9uj.txt,1,1,7,0,0,1,0,0,0,0
t3_25lcfx.txt,0,0,6,0,0,0,0,0,0,4
t3_25lcu0.txt,14,11,0,43,0,24,0,6,24,6
t3_25lda3.txt,1,20,0,0,0,25,0,1,0,0
t3_25lgsi.txt,18,10,0,0,0,0,0,1,12,0
t3_25lh1b.txt,0,11,0,0,0,0,97,0,0,0
t3_25li9o.txt,0,75,5,0,0,68,16,1,11,0
t3_25ljko.txt,0,1,0,0,0,0,5,0,0,0
t3_25lpqa.txt,5,18,1,0,0,2,22,0,6,0
t3_25lqrn.txt,0,0,3,0,0,0,0,0,0,0
t3_25lrab.txt,2,10,1,1,0,0,0,0,1,0
t3_25lsq0.txt,4,20,0,0,2,0,60,4,0,0
t3_25lxjy.txt,0,13,3,0,0,0,0,0,1,0
t3_25m98q.txt,2,3,0,0,7,4,8,2,9,0
t3_25ma8g.txt,1,1,0,0,0,0,0,0,0,0
t3_25mf98.txt,1,21,0,0,0,19,0,3,1,0
t3_25mjv8.txt,3,13,0,0,2,13,0,0,0,0
t3_25mkeu.txt,0,6,0,2,28,0,0,0,0,0
t3_25mklb.txt,0,1,13,0,0,0,0,1,0,0
t3_25mmup.txt,0,0,7,0,0,0,0,0,0,2
t3_25mnq2.txt,0,0,5,0,0,0,2,0,0,0
t3_25mop2.txt,20,125,0,0,0,0,0,0,8,0
t3_25mqhj.txt,0,1,2,0,0,0,0,1,0,3
t3_25mscg.txt,0,5,0,1,0,0,18,0,0,0
t3_25msjo.txt,0,0,2,1,0,1,0,3,0,0
t3_25mtpc.txt,0,8,0,0,8,1,18,3,2,0
t3_25mu7g.txt,0,0,4,0,0,0,0,0,0,0
t3_25mvua.txt,0,1,10,0,0,0,1,0,0,0
t3_25mwh8.txt,0,16,0,0,2,0,0,0,0,0
t3_25mxz9.txt,41,56,11,4,3,0,0,0,0,52
t3_25mybc.txt,5,1,0,0,0,4,23,1,0,0
t3_25myg9.txt,1,17,6,0,0,8,57,0,0,0
t3_25n16i.txt,37,136,2,0,0,3,0,0,81,19
t3_25n1fe.txt,0,0,9,0,0,0,0,0,0,0
t3_25n1jc.txt,11,28,0,0,10,0,2,0,14,1
t3_25n4d2.txt,14,17,0,0,0,0,0,0,11,14
t3_25n4yo.txt,0,0,5,0,0,0,0,0,0,0
t3_25n56t.txt,1,33,1,0,32,0,2,8,36,2
t3_25n646.txt,5,21,0,1,9,0,0,14,1,0
t3_25n6hm.txt,0,48,0,0,2,5,0,19,54,0
t3_25n8z5.txt,0,96,0,0,13,0,3,1,46,96
t3_25n8ze.txt,0,0,3,7,0,0,0,0,0,0
t3_25n9n8.txt,0,0,6,2,1,0,0,0,0,0
t3_25ncum.txt,1,7,0,0,0,0,71,3,21,2
t3_25neu3.txt,44,37,0,0,0,0,10,0,0,0
t3_25nhkk.txt,10,3,1,0,2,0,1,0,3,0
t3_25nian.txt,25,28,0,0,2,0,0,2,8,0
t3_25nj5k.txt,0,29,0,0,2,0,0,0,13,0
t3_25nlnm.txt,1,20,0,0,0,0,60,0,0,1
t3_25nlpw.txt,1,0,9,3,0,0,0,0,0,0
t3_25nmt5.txt,0,21,0,0,0,0,11,0,0,0
t3_25nnwy.txt,1,1,0,0,0,8,6,1,2,0
t3_25no0p.txt,0,0,9,0,0,0,0,0,0,0
t3_25npuf.txt,0,13,4,1,0,69,0,2,0,0
t3_25nria.txt,0,3,5,0,0,0,0,0,0,0
t3_25ntvu.txt,0,32,15,1,1,0,0,12,6,13
t3_25nufl.txt,0,0,10,0,0,4,0,0,0,0
t3_25nvan.txt,0,39,0,5,0,0,0,20,0,0
t3_25nvmy.txt,0,39,0,0,0,0,4,36,78,1
t3_25nwwn.txt,0,64,0,0,0,37,0,0,0,17
t3_25nxxf.txt,0,73,0,1,0,0,0,0,5,3
t3_25o0uv.txt,32,50,0,0,0,0,0,0,0,0
t3_25o1xt.txt,0,16,0,0,69,1,0,22,30,39
t3_25o5xk.txt,1,31,0,0,18,0,60,0,12,1
t3_25o6e7.txt,0,8,0,0,0,6,1,1,0,0
t3_25o7ql.txt,5,14,0,0,0,0,1,0,1,0
t3_25o8z8.txt,0,6,0,0,0,31,13,0,0,0
t3_25obor.txt,4,22,1,0,0,0,0,0,9,0
t3_25ocqr.txt,0,1,4,0,0,0,0,0,1,0
t3_25odhy.txt,0,5,5,0,1,8,1,0,0,0
t3_25oepi.txt,0,4,0,0,0,0,0,20,1,1
t3_25of1r.txt,0,45,7,0,0,0,0,23,5,7
t3_25og15.txt,0,100,0,0,0,52,0,0,66,0
t3_25oi5e.txt,31,35,0,0,0,0,0,0,2,0
t3_25omv5.txt,4,10,12,2,0,0,0,0,0,10
t3_25opdz.txt,0,1,7,0,0,0,1,10,0,0
t3_25oq9y.txt,0,0,2,0,0,0,0,1,0,0
t3_25oqe8.txt,12,74,1,12,3,0,0,122,29,0
t3_25ouo7.txt,0,8,1,2,0,0,1,19,0,0
t3_25owc3.txt,0,50,0,0,2,19,46,0,0,1
t3_25p2ji.txt,0,13,1,1,0,0,0,0,7,0
t3_25p50m.txt,0,27,1,0,0,6,12,0,1,2
t3_25p6km.txt,0,0,7,0,0,0,0,4,0,0
t3_25p7aa.txt,0,1,0,0,0,0,0,12,0,0
t3_25p86r.txt,1,24,0,16,0,0,0,1,51,0
t3_25p90n.txt,0,1,0,1,4,2,2,1,2,0
t3_25pbwo.txt,0,0,8,0,0,1,1,0,0,0
t3_25pc1y.txt,3,22,5,0,0,0,0,39,3,0
t3_25pe1z.txt,2,1,12,0,0,0,0,0,1,2
t3_25pfe8.txt,0,1,2,6,0,1,0,0,0,0
t3_25phrh.txt,0,0,2,0,0,0,0,0,0,0
t3_25pie9.txt,50,64,0,0,0,0,0,6,35,2
t3_25pj8b.txt,0,1,6,0,0,0,0,0,0,1
t3_25pkq8.txt,0,0,2,0,0,1,0,0,0,0
t3_25plre.txt,0,33,0,0,0,0,0,70,15,0
t3_25plzs.txt,0,0,3,0,0,0,0,0,0,0
t3_25po98.txt,0,0,5,0,0,0,0,0,0,0
t3_25pq63.txt,0,0,6,0,1,0,0,0,4,0
t3_25pqr9.txt,0,26,1,0,0,0,0,6,0,25
t3_25prpz.txt,0,0,4,0,0,0,0,0,0,0
t3_25ptfb.txt,0,0,3,0,0,0,0,0,0,0
t3_25pvxa.txt,0,0,3,0,0,0,0,0,0,0
t3_25pwjl.txt,0,32,0,0,0,0,0,55,0,0
t3_25pwn1.txt,0,1,4,0,0,0,0,0,0,1
t3_25pywr.txt,0,0,6,0,0,1,0,0,0,0
t3_25pz81.txt,0,0,4,0,0,0,0,0,0,0
t3_25q0c7.txt,0,0,4,0,0,0,0,0,0,0
t3_25q19o.txt,0,0,3,0,0,0,0,0,0,0
t3_25q24x.txt,5,3,0,0,30,17,7,0,4,8
t3_25q369.txt,0,0,3,0,1,0,0,0,0,0
t3_25q375.txt,7,55,0,0,0,0,127,0,0,0
t3_25q3hn.txt,0,15,2,0,0,0,4,56,0,0
t3_25q3pe.txt,0,2,0,0,0,1,0,1,0,0
t3_25q6mj.txt,0,0,2,0,0,1,0,0,0,0
t3_25q6y9.txt,0,0,3,0,0,0,0,0,0,0
t3_25q6zi.txt,0,0,2,0,1,0,0,0,0,0
t3_25q94r.txt,0,0,4,0,0,0,0,0,0,0
t3_25q9ux.txt,1,0,2,0,0,0,0,0,0,0
t3_25qc3e.txt,1,13,0,0,0,24,2,2,0,3
t3_25qc4v.txt,0,0,5,0,0,0,0,0,0,0
t3_25qchl.txt,0,0,4,0,0,0,0,0,0,0
t3_25qcx2.txt,0,42,0,0,0,0,1,180,0,0
t3_25qdis.txt,0,3,6,0,0,0,0,1,0,0
t3_25qejr.txt,8,5,10,0,0,8,1,11,0,2
t3_25qevj.txt,1,2,1,3,1,0,0,1,0,0
t3_25qf81.txt,65,154,1,0,2,0,2,61,89,2
t3_25qg55.txt,0,1,9,0,0,0,0,26,4,1
t3_25qgwb.txt,0,0,3,0,0,0,0,0,0,0
t3_25qi2h.txt,0,0,0,0,0,0,0,0,0,0
t3_25qicu.txt,0,19,0,2,0,0,0,42,2,0
t3_25qj8x.txt,0,0,3,0,0,0,0,0,0,0
t3_25qkp3.txt,0,1,15,0,0,0,0,1,0,0
t3_25qlax.txt,0,3,0,0,0,0,16,0,0,0
t3_25qm8z.txt,0,43,0,1,0,0,0,0,43,0
t3_25qmos.txt,5,1,0,0,1,2,15,0,0,0
t3_25qmsf.txt,0,0,3,0,0,0,0,0,0,0
t3_25qrrt.txt,2,39,0,7,0,0,1,0,1,0
t3_25qtev.txt,43,62,0,0,0,0,41,0,30,0
t3_25qyw6.txt,0,8,0,0,1,0,0,0,6,2
t3_25qz1x.txt,0,0,2,0,0,0,0,0,0,0
t3_25r0iz.txt,0,34,0,0,1,0,1,1,13,0
t3_25r0n5.txt,0,0,2,0,0,0,1,0,0,0
t3_25r1hn.txt,0,42,0,0,0,0,0,1,24,0
t3_25r2l1.txt,0,34,0,16,0,0,4,47,30,62
t3_25r5dv.txt,0,0,8,0,1,0,0,0,0,0
t3_25r903.txt,0,5,0,0,0,0,0,31,1,0
t3_25rab5.txt,0,31,1,1,0,31,0,0,5,0
t3_25razh.txt,0,28,0,0,0,0,0,0,1,0
t3_25rb3i.txt,46,58,0,0,2,0,164,0,51,0
t3_25rcdf.txt,0,0,4,0,0,0,0,0,0,0
t3_25re20.txt,0,0,2,0,0,0,0,0,0,1
t3_25recl.txt,0,1,5,0,0,0,0,1,0,0
t3_25rflf.txt,1,54,22,0,0,33,0,1,30,0
t3_25rfqy.txt,0,65,0,0,0,18,0,1,7,0
t3_25rftj.txt,1,10,0,3,0,0,1,51,0,0
t3_25rgn9.txt,0,0,4,0,0,0,0,0,0,0
t3_25rhwl.txt,0,0,4,0,0,0,0,0,0,0
t3_25rlg9.txt,0,4,0,0,16,8,0,0,1,0
t3_25rohq.txt,4,5,0,0,0,0,2,0,10,0
t3_25roys.txt,0,117,0,0,1,6,4,1,26,6
t3_25rpci.txt,20,17,0,0,0,0,10,0,0,0
t3_25rrky.txt,0,7,0,0,0,1,0,20,25,0
t3_25rroc.txt,0,0,4,0,0,0,0,0,0,0
t3_25rty3.txt,0,35,0,0,1,30,0,3,1,0
t3_25rx89.txt,0,0,0,0,0,0,0,0,0,0
t3_25ry8x.txt,0,53,0,1,0,0,23,0,0,0
t3_25ryi8.txt,0,0,4,0,0,0,0,0,0,1
t3_25s1cd.txt,0,26,13,0,0,4,0,95,0,0
t3_25s34u.txt,0,30,0,0,5,0,3,6,50,0
t3_25s3br.txt,0,40,0,0,0,0,5,0,0,20
t3_25s45f.txt,0,2,0,0,0,0,35,0,0,0
t3_25s6nf.txt,0,25,0,0,0,0,1,0,1,0
t3_25s8ey.txt,0,20,7,0,1,0,9,0,0,0
t3_25s8f6.txt,0,0,11,0,0,0,0,0,0,0
t3_25sbwz.txt,0,1,9,0,0,0,0,0,0,0
t3_25sdrf.txt,0,80,0,0,0,40,10,0,0,1
t3_25se05.txt,0,0,4,0,0,0,0,0,0,0
t3_25sfo9.txt,1,0,2,0,0,0,0,0,0,0
t3_25sgfd.txt,0,0,3,0,0,0,0,0,0,0
t3_25si6v.txt,0,23,2,0,0,0,0,99,7,3
t3_25sk25.txt,0,0,6,3,0,0,0,0,0,0
t3_25sk65.txt,0,95,0,0,0,0,0,0,1,0
t3_25skrs.txt,0,0,13,0,0,0,0,0,0,2
t3_25sks8.txt,2,1,0,0,2,6,81,1,3,0
t3_25skz9.txt,0,0,6,0,0,0,0,0,0,1
t3_25slf0.txt,0,0,0,0,0,0,1,11,3,5
t3_25svg2.txt,0,0,6,0,0,0,0,1,1,0
t3_25svzz.txt,0,1,5,0,1,0,0,0,1,0
t3_25swht.txt,0,0,15,1,0,0,0,3,0,0
t3_25swvp.txt,0,49,0,0,0,83,0,0,56,30
t3_25sx2s.txt,0,12,0,0,6,0,0,10,2,0
t3_25sy4h.txt,5,57,32,143,0,0,0,0,0,0
t3_25t4ax.txt,16,51,1,0,0,0,169,2,67,0
t3_25t6ed.txt,103,72,0,10,10,0,0,0,26,0
t3_25t8t6.txt,0,0,12,0,0,1,0,0,3,0
t3_25tc5y.txt,24,16,0,0,0,0,0,0,19,0
t3_25tc6c.txt,1,14,0,1,0,0,13,4,21,0
t3_25tc7c.txt,0,19,0,0,26,3,0,2,1,0
t3_25tdvm.txt,25,61,2,0,0,0,11,0,9,0
t3_25teex.txt,0,38,0,0,0,51,99,0,3,0
t3_25tict.txt,0,8,0,0,0,0,1,12,0,0
t3_25tk05.txt,0,13,0,0,0,0,49,0,0,0
t3_25tl9g.txt,104,38,0,0,0,13,0,0,45,1
t3_25tof5.txt,0,1,5,0,0,0,0,0,0,0
t3_25tr8t.txt,1,9,0,0,0,1,0,0,0,0
t3_25ts6f.txt,2,15,0,0,61,11,8,1,53,0
t3_25twfk.txt,0,25,0,0,0,1,0,25,0,0
t3_25u0a0.txt,0,0,9,0,0,0,0,2,0,1
t3_25u0hh.txt,0,21,17,16,0,0,0,5,3,0
t3_25u1km.txt,0,8,0,5,0,13,38,0,0,0
t3_25u1uv.txt,0,5,1,0,0,0,0,0,0,0
t3_25u3ft.txt,1,43,0,0,18,21,39,0,0,0
t3_25u3td.txt,4,2,0,0,0,0,0,0,0,7
t3_25udep.txt,0,2,5,0,0,0,0,1,2,0
t3_25uf1l.txt,0,9,0,4,3,5,32,1,4,5
t3_25ufag.txt,0,12,0,0,0,3,0,6,0,0
t3_25ufm7.txt,0,98,0,29,0,0,2,142,0,0
t3_25ufy7.txt,0,0,5,0,0,0,0,1,0,0
t3_25ug7f.txt,4,22,0,0,0,0,0,0,0,0
t3_25uh0g.txt,0,54,0,1,0,0,0,0,0,0
t3_25uh9x.txt,0,0,0,0,0,0,0,0,0,0
t3_25uk6f.txt,0,8,0,0,25,0,0,0,0,0
t3_25ulk1.txt,51,59,1,2,0,0,0,6,13,0
t3_25upe9.txt,1,2,0,0,0,0,0,0,0,0
t3_25uqjn.txt,0,74,0,1,10,5,0,0,44,25
t3_25uqrp.txt,129,63,0,1,0,0,0,0,134,1
t3_25uwvr.txt,0,8,0,0,2,0,0,33,0,0
t3_25ux7s.txt,5,77,1,0,0,0,1,0,1,0
t3_25uz6i.txt,0,26,0,0,0,0,26,2,1,1
t3_25v056.txt,3,0,10,0,0,0,0,0,0,1
t3_25v3o6.txt,0,0,4,1,0,0,0,0,0,0
t3_25v58j.txt,0,0,7,0,0,0,0,0,0,0
t3_25v9f2.txt,1,0,0,0,1,5,0,1,0,0
t3_25vag3.txt,0,1,11,0,0,0,0,3,0,1
t3_25vbvs.txt,11,32,3,0,1,22,0,0,0,0
t3_25vc2s.txt,0,0,0,0,20,8,0,0,11,1
t3_25vfpy.txt,0,0,5,0,0,0,0,4,0,0
t3_25vge8.txt,9,40,0,0,0,0,0,0,24,0
t3_25vh6s.txt,0,0,2,0,0,0,0,0,0,2
t3_25viq4.txt,0,9,0,28,0,0,0,8,13,6
t3_25vo4o.txt,0,13,0,2,4,0,0,4,2,0
t3_25vp05.txt,0,45,0,0,0,0,0,12,0,0
t3_25vp1j.txt,16,7,1,0,0,0,0,0,9,8
t3_25vpt3.txt,0,4,2,0,0,1,0,0,5,0
t3_25vs4z.txt,30,74,2,78,0,0,15,1,78,0
t3_25vtj6.txt,0,9,11,0,0,21,0,0,0,0
t3_25vvy8.txt,0,79,0,0,0,0,0,0,19,5
t3_25vzi3.txt,0,0,0,0,0,9,30,0,0,0
t3_25w0i6.txt,0,20,0,0,0,0,32,0,0,3
t3_25w97h.txt,0,65,0,0,0,0,0,0,6,0
t3_25wacd.txt,0,0,1,0,0,0,0,0,0,2
t3_25wcsq.txt,0,4,0,0,0,0,0,25,13,2
t3_25wdoc.txt,0,0,8,2,0,0,0,3,0,1
t3_25wdzg.txt,0,2,8,0,0,0,1,1,0,0
t3_25wf86.txt,0,0,0,0,0,0,0,0,0,0
t3_25wfdv.txt,0,1,8,2,0,0,0,0,1,1
t3_25wn8k.txt,0,0,15,0,0,0,0,1,0,0
t3_25wqrf.txt,0,0,4,0,0,0,0,0,0,0
t3_25wqtb.txt,0,7,0,0,0,6,2,0,4,0
t3_25wroc.txt,0,24,0,22,0,0,0,1,4,0
t3_25wsl8.txt,0,23,0,0,0,0,48,0,3,0
t3_25wurf.txt,13,62,1,0,12,0,0,7,17,0
t3_25wvl0.txt,0,0,4,0,0,0,0,0,0,0
t3_25wzsn.txt,11,69,0,0,0,0,1,0,1,0
t3_25x00h.txt,0,23,1,1,0,0,0,2,25,4
t3_25x0pe.txt,0,39,0,0,0,0,0,0,0,0
t3_25x165.txt,1,119,0,67,0,0,0,0,2,0
t3_25x428.txt,0,13,0,0,0,12,9,0,4,0
t3_25x6ep.txt,0,66,0,0,0,0,0,0,2,2
t3_25x9e8.txt,0,66,0,26,0,3,0,190,28,14
t3_25xe61.txt,0,103,0,7,0,98,0,0,56,0
t3_25xgq9.txt,0,38,0,0,0,0,1,0,24,0
t3_25xh2a.txt,5,40,0,0,0,0,0,0,0,5
t3_25xnzk.txt,0,0,6,0,0,0,0,0,0,0
t3_25xv9f.txt,0,1,4,0,1,0,0,0,0,0
t3_25xxq7.txt,0,0,3,0,0,9,1,4,0,8
t3_25y0v1.txt,0,21,0,5,0,4,51,0,0,3
t3_25y2pb.txt,0,0,2,0,0,0,0,2,0,0
t3_25y3s7.txt,0,15,0,6,0,1,20,1,5,0
t3_25y3w0.txt,3,15,0,0,0,0,1,70,5,0
t3_25y6km.txt,0,1,6,1,0,0,0,0,0,0
t3_25y87u.txt,0,69,0,4,1,0,0,4,6,14
t3_25ycag.txt,0,0,10,0,0,0,0,0,0,1
t3_25yec0.txt,0,117,0,84,0,0,0,0,10,16
t3_25yee8.txt,0,10,1,0,0,0,21,0,1,0
t3_25yfht.txt,0,6,1,10,5,0,0,0,0,0
t3_25yibe.txt,0,1,0,0,0,3,0,0,0,0
t3_25yj13.txt,6,18,0,0,0,0,12,3,0,0
t3_25yk8g.txt,0,0,0,0,0,0,0,0,0,0
t3_25ykn8.txt,2,1,0,0,5,0,0,0,2,1
t3_25ynj9.txt,12,29,0,0,1,0,0,0,0,16
t3_25yp7e.txt,13,44,0,0,1,1,0,0,0,11
t3_25yqzw.txt,0,40,0,0,0,12,1,2,1,0
t3_25ys7k.txt,3,17,0,0,0,0,55,0,2,0
t3_25ysli.txt,1,17,0,0,0,1,48,4,8,0
t3_25yt1m.txt,46,66,0,1,0,0,6,25,27,2
t3_25ytrq.txt,32,83,1,0,0,0,2,66,11,9
t3_25yvht.txt,41,205,0,0,3,0,0,0,88,0
t3_25yye1.txt,2,0,22,0,0,0,0,0,0,1
t3_25z551.txt,0,9,5,26,0,9,0,1,0,0
t3_25zfxw.txt,9,14,0,0,0,0,7,0,1,0
t3_25zh2b.txt,17,29,0,0,0,0,0,0,38,0
t3_25zk6q.txt,0,1,0,0,0,0,0,15,0,0
t3_25zn66.txt,0,0,5,0,0,0,0,0,0,0
t3_25zome.txt,0,0,17,0,0,2,0,0,0,0
t3_25zqw6.txt,0,0,5,0,0,0,0,1,0,4
t3_25zrnp.txt,0,4,0,0,0,0,34,0,5,0
t3_25zwz0.txt,0,9,0,2,0,0,1,2,0,0
t3_2603sv.txt,2,26,0,0,3,39,10,3,3,0
t3_2607dt.txt,6,20,0,0,0,0,46,0,0,0
t3_260axr.txt,0,47,21,0,30,14,0,182,0,15
t3_260e6e.txt,0,0,0,0,0,0,0,15,23,0
t3_260f5g.txt,2,18,0,0,0,19,0,11,0,0
t3_260hk6.txt,0,8,0,0,5,0,0,21,0,0
t3_260hsf.txt,0,1,8,0,0,0,0,0,0,0
t3_260id7.txt,0,21,1,0,0,39,7,0,0,0
t3_260jt4.txt,2,57,0,17,0,0,0,3,1,0
t3_260plx.txt,27,79,0,0,0,14,0,0,22,0
t3_260qg9.txt,0,7,5,0,0,0,26,16,0,0
t3_260tuh.txt,3,97,0,10,0,12,7,2,0,0
t3_260zsw.txt,47,137,2,0,0,0,0,15,33,0
t3_2610tb.txt,0,125,2,0,2,0,4,2,98,0
t3_2611yx.txt,1,109,0,5,0,0,0,1,0,42
t3_26124k.txt,0,33,0,0,0,3,65,0,13,0
t3_2612fa.txt,0,1,2,0,0,0,0,19,0,0
t3_26145k.txt,0,22,0,0,16,0,0,22,15,5
t3_2614a6.txt,0,1,6,0,0,0,0,0,0,0
t3_2614ry.txt,0,1,9,0,0,0,0,0,0,0
t3_2618hr.txt,0,16,0,0,1,0,0,38,0,0
t3_261a61.txt,0,0,5,0,0,0,0,0,0,0
t3_261fml.txt,1,69,0,0,62,1,0,0,93,14
t3_261g3u.txt,0,97,1,47,0,0,0,0,80,0
t3_261h3l.txt,16,52,0,0,0,0,0,0,9,17
t3_261hpg.txt,0,39,0,0,0,0,0,8,0,0
t3_261i1l.txt,50,88,0,0,0,0,12,0,24,0
t3_261i60.txt,6,3,0,0,0,0,0,0,0,0
t3_261jns.txt,19,68,7,0,1,3,0,0,6,0
t3_261nrx.txt,0,0,5,0,0,0,0,0,0,0
t3_261p9v.txt,0,2,8,1,0,0,0,0,0,0
t3_261q3b.txt,0,0,1,0,0,0,5,4,0,0
t3_261rnu.txt,0,3,8,0,0,0,0,0,0,0
t3_261rw5.txt,0,6,0,0,0,0,0,0,4,4
t3_261tlg.txt,18,45,0,0,0,52,0,0,19,10
t3_261u6q.txt,0,0,10,0,1,0,0,0,0,0
t3_261u88.txt,0,34,0,0,1,0,1,0,0,3
t3_261uan.txt,2,11,0,0,0,0,0,0,0,0
t3_261v3i.txt,5,21,0,0,0,0,0,2,0,0
t3_261x8f.txt,0,2,6,0,1,0,0,3,2,0
t3_261zsw.txt,9,133,0,34,1,0,0,0,5,0
t3_2620qu.txt,3,2,4,0,0,0,0,0,1,0
t3_262120.txt,27,0,0,0,0,0,0,125,0,0
t3_2621ft.txt,1,4,3,17,0,18,0,0,0,0
t3_2622ht.txt,0,24,0,0,0,0,154,0,13,0
t3_2622uf.txt,30,76,0,0,0,0,27,5,0,0
t3_262361.txt,0,0,6,0,0,0,0,2,0,1
t3_2623kd.txt,0,28,0,0,0,0,0,0,0,19
t3_2624vn.txt,0,0,11,0,0,0,0,1,0,0
t3_2627h9.txt,46,43,0,0,0,0,0,11,15,1
t3_262aei.txt,84,70,0,0,0,0,31,37,28,0
t3_262bz8.txt,0,41,0,126,0,0,0,0,1,32
t3_262icn.txt,0,1,15,0,0,0,0,0,0,0
t3_262jt4.txt,44,31,0,0,0,0,4,1,1,0
t3_262li0.txt,1,21,0,0,0,8,1,5,6,36
t3_262mck.txt,0,35,0,4,0,0,0,0,0,0
t3_262osc.txt,1,0,7,3,1,0,0,0,0,0
t3_262q5r.txt,5,33,0,0,0,0,45,0,16,0
t3_262rr2.txt,0,33,3,1,0,0,0,2,18,0
t3_262u8f.txt,0,68,0,0,0,0,0,0,0,0
t3_262ue4.txt,1,16,3,0,0,0,47,0,9,0
t3_262vgq.txt,0,11,0,0,0,0,6,2,0,0
t3_262yav.txt,0,1,1,0,1,0,17,0,3,0
t3_262ypu.txt,0,20,0,0,0,0,0,0,0,0
t3_2633wq.txt,1,81,0,0,0,0,0,0,27,0
t3_2635jg.txt,0,40,2,0,0,0,55,0,0,0
t3_2635rl.txt,0,2,10,0,0,0,0,0,0,0
t3_26379r.txt,0,1,5,2,2,3,0,0,0,0
t3_2637ue.txt,0,2,3,0,10,0,10,0,0,0
t3_2639a1.txt,0,5,1,0,0,1,0,10,0,0
t3_263aac.txt,0,0,7,0,0,0,0,3,0,0
t3_263bmb.txt,17,33,0,0,0,0,6,0,1,0
t3_263cqm.txt,48,53,0,0,0,0,0,0,0,0
t3_263cuy.txt,0,87,0,0,0,0,0,0,7,0
t3_263ey2.txt,10,203,0,0,0,0,0,1,93,18
t3_263fgr.txt,0,93,0,0,0,0,0,0,7,3
t3_263l3m.txt,0,0,5,0,0,0,0,0,0,0
t3_263l9v.txt,0,9,0,9,0,0,1,1,4,2
t3_263lct.txt,0,0,5,0,0,0,0,0,0,0
t3_263ldt.txt,0,0,12,0,1,0,0,0,0,0
t3_263mrq.txt,3,77,0,0,0,1,1,0,8,9
t3_263n1c.txt,9,136,0,2,0,0,0,8,46,5
t3_263q5a.txt,0,70,0,0,0,34,0,0,9,0
t3_263sph.txt,0,27,0,0,9,7,52,0,0,0
t3_263sy8.txt,0,60,0,0,7,0,0,21,0,0
t3_263uey.txt,0,54,0,0,0,0,19,0,33,0
t3_263y5m.txt,0,0,4,0,0,0,0,0,0,2
t3_26498k.txt,1,93,1,0,0,0,0,3,20,3
t3_264cwr.txt,0,67,0,0,0,0,0,13,0,0
t3_264e3i.txt,5,11,0,0,2,1,27,0,0,0
t3_264idc.txt,1,0,11,0,0,0,0,0,0,0
t3_264ja7.txt,0,32,0,0,3,4,4,0,6,0
t3_264jn7.txt,0,0,10,0,0,0,0,0,4,0
t3_264kev.txt,0,2,7,0,0,1,0,0,0,0
t3_264lol.txt,0,33,3,0,0,0,0,41,7,116
t3_264lzc.txt,1,0,5,0,0,0,0,0,0,0
t3_264op1.txt,0,5,0,0,0,5,9,0,0,0
t3_264pt8.txt,0,1,9,0,0,0,3,0,0,0
t3_264spk.txt,12,38,0,0,0,0,0,2,4,9
t3_264t0u.txt,0,61,0,0,6,0,36,10,26,0
t3_264thx.txt,3,0,0,0,3,0,0,0,7,0
t3_264xoa.txt,0,1,7,0,0,0,0,0,0,0
t3_2650au.txt,0,3,7,0,2,0,0,2,0,0
t3_26543c.txt,0,94,0,0,0,0,0,12,2,14
t3_2657co.txt,0,0,0,1,0,0,8,0,0,0
t3_265bp9.txt,0,0,0,1,1,0,0,7,0,1
t3_265bu1.txt,0,124,0,0,0,1,8,0,18,0
t3_265e7n.txt,1,0,11,0,0,0,0,0,0,0
t3_265fvf.txt,0,5,0,11,1,0,0,6,0,0
t3_265gpa.txt,0,29,3,0,17,1,0,1,11,0
t3_265j8v.txt,0,73,1,7,0,1,0,4,38,0
t3_265lim.txt,0,0,9,0,0,0,0,0,0,0
t3_265m4y.txt,15,77,0,0,0,0,0,9,23,107
t3_265ngy.txt,0,0,9,0,0,0,2,0,1,0
t3_265ov4.txt,23,31,0,3,0,0,0,10,27,0
t3_265pfd.txt,0,50,0,0,0,0,0,0,0,0
t3_265pr2.txt,14,91,0,0,2,0,0,0,9,11
t3_265q9v.txt,0,0,9,1,0,0,0,0,3,0
t3_265r5p.txt,0,14,0,0,0,39,25,0,8,3
t3_265rpg.txt,7,9,0,0,0,0,19,3,0,0
t3_265tm4.txt,0,28,0,0,61,0,0,0,27,3
t3_265uml.txt,53,0,0,0,0,0,30,0,8,0
t3_265uyf.txt,0,7,0,0,0,0,59,0,0,0
t3_265vc8.txt,0,5,0,0,19,1,0,0,4,0
t3_265wgh.txt,3,29,0,1,0,0,1,0,7,31
t3_265ygg.txt,0,0,4,4,0,0,0,0,0,1
t3_265z29.txt,3,20,0,5,0,0,0,3,2,0
t3_2662ry.txt,0,8,0,0,0,0,7,0,3,0
t3_2663l1.txt,0,62,1,0,0,0,1,45,29,82
t3_26643b.txt,0,9,0,4,0,6,35,0,0,0
t3_2664dk.txt,0,0,6,0,0,0,0,0,0,0
t3_2665w9.txt,0,1,8,0,0,0,0,0,0,0
t3_2669b4.txt,0,2,5,0,0,0,0,0,0,0
t3_266bp9.txt,0,26,0,0,1,1,0,0,1,32
t3_266ek3.txt,6,67,0,0,0,1,0,0,31,0
t3_266f7g.txt,1,2,0,0,0,0,1,0,0,1
t3_266ggl.txt,0,17,0,0,21,0,45,6,0,0
t3_266ioa.txt,0,29,7,0,0,0,1,0,0,8
t3_266krm.txt,0,31,0,0,0,0,34,0,0,0
t3_266puo.txt,51,27,0,0,0,10,0,0,30,45
t3_266qk1.txt,0,0,5,0,0,0,0,0,0,0
t3_266s2r.txt,0,0,4,0,0,0,0,0,0,0
t3_266uxp.txt,3,39,0,0,1,0,1,14,9,0
t3_266vwr.txt,22,54,1,0,0,0,0,0,22,0
t3_2675n2.txt,0,2,7,0,0,0,0,0,0,0
t3_26770w.txt,0,0,2,1,0,0,0,1,0,0
t3_26794m.txt,38,9,0,0,0,0,4,7,10,58
t3_267bf3.txt,0,34,3,0,0,0,2,51,0,0
t3_267efv.txt,0,75,0,20,2,7,0,42,0,0
t3_267eox.txt,0,0,1,0,2,0,0,0,0,3
t3_267epl.txt,35,58,0,0,0,11,8,0,0,8
t3_267f3v.txt,0,7,0,0,0,0,16,0,5,1
t3_267fti.txt,0,1,6,0,0,0,0,0,0,0
t3_267jlm.txt,30,17,0,0,0,0,0,1,0,0
t3_267kjd.txt,0,21,0,0,0,0,18,0,0,1
t3_267lct.txt,0,14,1,4,0,0,1,2,2,2
t3_267qt1.txt,0,0,13,0,3,0,0,0,0,0
t3_267r02.txt,0,35,1,0,0,35,131,0,4,0
t3_267s4t.txt,1,0,7,0,0,0,0,0,0,0
t3_267so9.txt,0,16,0,0,1,59,54,0,0,0
t3_267vw6.txt,4,8,0,0,1,0,7,0,1,0
t3_267wa6.txt,1,0,5,0,0,0,0,0,3,0
t3_267xa1.txt,0,0,1,0,0,0,0,0,2,0
t3_267ycd.txt,1,0,2,0,0,0,0,2,0,0
t3_267zyg.txt,1,118,0,0,0,0,0,0,55,0
t3_2680hz.txt,0,166,0,36,11,4,0,23,17,0
t3_2680oa.txt,7,58,2,7,0,12,3,0,0,0
t3_26813o.txt,0,2,7,7,0,0,0,0,0,1
t3_2682g9.txt,0,3,3,0,0,0,0,0,0,0
t3_2685qk.txt,0,47,0,0,0,0,0,14,18,0
t3_26863d.txt,18,36,0,0,0,0,0,3,0,0
t3_268amt.txt,0,0,1,0,0,0,0,0,4,0
t3_268dmt.txt,0,20,0,0,38,26,2,1,14,7
t3_268dx3.txt,0,33,0,4,4,0,0,0,0,0
t3_268e27.txt,5,1,3,0,0,0,0,2,0,0
t3_268eve.txt,0,83,0,0,0,0,21,6,66,0
t3_268gzl.txt,1,43,0,0,25,3,169,0,1,0
t3_268iaa.txt,2,0,11,108,0,2,0,2,0,4
t3_268ki7.txt,0,12,0,0,0,0,78,0,4,0
t3_268mpm.txt,11,20,0,0,0,0,4,0,1,0
t3_268oq0.txt,0,1,0,0,0,0,32,0,0,0
t3_268qeh.txt,35,113,1,0,2,14,0,7,53,199
t3_268tbz.txt,0,16,0,0,0,0,0,0,1,2
t3_268vbn.txt,1,46,0,0,0,0,0,0,0,1
t3_268w3c.txt,0,0,4,0,0,0,0,0,0,0
t3_268wmo.txt,0,25,3,0,8,0,0,0,0,0
t3_268z9i.txt,1,0,5,0,0,0,1,0,0,0
t3_26933s.txt,0,0,2,0,0,0,1,3,0,1
t3_26978b.txt,0,22,0,0,41,0,0,0,54,1
t3_2697e1.txt,6,1,0,0,2,0,12,0,3,0
t3_2697lr.txt,0,13,0,0,0,0,0,2,0,19
t3_269awi.txt,19,61,0,2,0,23,44,1,0,0
t3_269br7.txt,18,106,24,0,0,0,0,46,27,0
t3_269d9q.txt,0,0,9,0,0,0,0,0,0,0
t3_269efg.txt,1,0,6,0,0,0,0,5,0,0
t3_269f8z.txt,0,90,0,0,0,1,0,0,2,2
t3_269g5b.txt,16,55,0,0,0,0,8,0,8,1
t3_269k0n.txt,0,0,8,0,0,2,0,0,0,0
t3_269kxf.txt,5,224,1,0,0,0,0,0,28,0
t3_269qnj.txt,0,0,0,0,0,0,0,0,0,0
t3_269s5u.txt,1,2,0,0,6,0,4,0,0,0
t3_269s8z.txt,4,51,0,1,0,0,1,0,12,0
t3_269t3p.txt,51,30,0,0,0,0,0,0,11,0
t3_269xp9.txt,1,1,4,0,0,0,0,0,0,0
t3_269xpr.txt,2,19,0,0,0,0,1,0,0,0
t3_269y2g.txt,0,37,0,0,0,61,38,0,3,2
t3_26a01t.txt,46,64,0,38,0,0,0,2,9,7
t3_26a1tu.txt,2,8,0,0,4,0,0,24,20,0
t3_26a418.txt,38,66,0,0,0,0,4,1,17,0
t3_26a4l6.txt,0,50,0,0,0,0,5,0,61,0
t3_26a4zz.txt,0,52,0,0,0,1,0,44,16,13
t3_26a88s.txt,0,1,5,3,1,0,0,2,0,0
t3_26a8ab.txt,0,2,7,0,0,0,0,0,1,0
t3_26ab4p.txt,0,0,5,0,0,0,0,0,0,0
t3_26absq.txt,0,32,0,0,0,0,0,0,39,0
t3_26ac4g.txt,0,2,7,0,0,0,0,8,0,0
t3_26ae5u.txt,0,99,1,0,0,0,19,0,9,0
t3_26aeng.txt,0,4,3,0,1,0,1,5,1,0
t3_26afft.txt,0,0,6,0,0,4,1,0,0,0
t3_26ageo.txt,0,0,5,0,0,0,0,0,0,0
t3_26allo.txt,0,0,0,0,0,0,0,0,0,0
t3_26am8g.txt,0,5,0,0,0,0,57,0,12,0
t3_26ammf.txt,3,47,0,0,21,7,1,9,113,34
t3_26aocv.txt,42,33,0,2,1,0,2,5,0,0
t3_26aold.txt,0,88,0,0,0,0,3,3,0,11
t3_26apne.txt,0,0,4,0,0,0,0,0,0,0
t3_26apon.txt,12,76,27,0,0,8,232,0,41,0
t3_26apt7.txt,0,17,0,0,0,0,35,0,0,7
t3_26apxp.txt,0,0,5,0,0,0,0,6,0,0
t3_26ar34.txt,0,11,0,0,25,9,0,1,22,6
t3_26as0z.txt,13,23,0,1,0,0,0,20,0,38
t3_26as3a.txt,1,0,12,0,0,0,0,5,1,0
t3_26at4t.txt,0,0,8,0,0,0,0,0,1,0
t3_26atum.txt,0,10,0,2,7,0,0,0,22,3
t3_26avwj.txt,0,42,0,0,0,0,73,0,15,0
t3_26b0d4.txt,0,0,11,0,0,0,0,0,1,0
t3_26b1yo.txt,0,0,4,0,0,0,0,0,0,0
t3_26b1yu.txt,0,19,5,1,0,30,5,0,5,0
t3_26b2y6.txt,0,0,2,0,1,0,0,0,0,0
t3_26b61g.txt,0,0,8,0,0,0,0,0,0,1
t3_26b67j.txt,4,23,0,0,13,0,0,9,1,0
t3_26b7ch.txt,0,0,14,0,0,0,0,0,0,1
t3_26b7kl.txt,3,1,3,0,0,0,0,0,0,0
t3_26b7ze.txt,0,0,4,0,0,0,0,0,0,0
t3_26b8fz.txt,2,41,0,0,0,0,5,88,20,2
t3_26b8oq.txt,0,3,0,0,0,4,24,2,0,0
t3_26b8ro.txt,0,56,0,0,0,0,0,113,1,0
t3_26b934.txt,0,0,4,0,0,0,0,0,0,0
t3_26b9nr.txt,0,1,11,0,0,0,0,1,0,0
t3_26basf.txt,0,35,0,0,0,2,4,0,4,2
t3_26bavx.txt,0,71,0,0,0,5,0,0,209,2
t3_26bbud.txt,0,48,0,0,0,0,3,0,162,1
t3_26bch7.txt,0,78,0,16,0,2,5,1,70,0
t3_26ben0.txt,0,0,1,0,0,1,0,1,3,0
t3_26bf4p.txt,0,0,4,0,0,0,0,0,0,0
t3_26bf6c.txt,0,26,0,0,0,2,0,35,17,1
t3_26bf7o.txt,0,0,4,0,0,0,0,0,0,0
t3_26bfje.txt,0,0,3,0,0,0,0,0,0,0
t3_26bfvb.txt,0,1,5,0,0,0,1,0,1,0
t3_26bgbv.txt,0,6,10,13,2,0,1,0,0,0
t3_26bgd8.txt,0,17,0,0,0,0,0,0,5,0
t3_26bhni.txt,0,0,4,0,0,0,0,0,0,0
t3_26bja2.txt,2,49,0,5,0,0,0,0,0,0
t3_26bl2p.txt,0,0,4,0,0,0,0,0,0,0
t3_26bmcx.txt,0,59,0,2,0,19,0,18,2,0
t3_26bmws.txt,0,0,3,0,0,0,0,0,0,0
t3_26bni6.txt,0,0,3,0,0,0,0,0,0,0
t3_26bnvl.txt,0,44,8,0,0,0,14,1,140,0
t3_26bo5k.txt,0,31,0,0,2,0,0,1,17,35
t3_26boa8.txt,0,5,3,0,0,0,0,0,0,0
t3_26bp6z.txt,0,0,4,0,0,0,0,0,0,0
t3_26bqd6.txt,0,1,9,0,1,0,0,0,0,0
t3_26bqp4.txt,53,138,0,0,64,0,0,3,0,86
t3_26bs3y.txt,22,75,2,0,1,3,0,12,0,1
t3_26bt7w.txt,10,18,0,0,0,2,8,0,0,0
t3_26bt97.txt,0,0,3,0,0,0,0,0,0,0
t3_26bu5b.txt,0,4,4,2,0,0,0,61,10,0
t3_26buwj.txt,1,103,0,0,0,5,0,9,6,0
t3_26buzh.txt,0,12,0,0,2,0,0,0,18,0
t3_26bvh4.txt,1,72,11,0,0,0,0,77,13,28
t3_26bxwu.txt,0,117,0,0,134,2,0,0,116,7
t3_26by5y.txt,0,0,2,0,0,0,0,0,0,0
t3_26by9c.txt,0,0,3,0,0,1,0,0,0,0
t3_26bys1.txt,0,1,5,0,0,0,0,0,2,3
t3_26c0d2.txt,0,27,0,0,18,0,3,1,87,0
t3_26c2my.txt,0,0,2,0,0,0,0,0,0,0
t3_26c4tc.txt,0,43,0,0,0,0,0,4,33,0
t3_26c4y3.txt,0,0,7,1,0,0,0,0,0,5
t3_26c5vk.txt,0,44,0,0,1,0,0,1,92,0
t3_26c6bj.txt,0,0,4,0,0,0,0,0,0,0
t3_26c81z.txt,28,38,0,0,0,72,2,0,31,0
t3_26c82x.txt,0,3,0,0,0,3,16,0,0,0
t3_26c8ul.txt,0,0,4,0,0,0,0,1,0,0
t3_26cb5a.txt,0,0,2,0,1,0,0,0,0,0
t3_26cbnc.txt,0,0,4,0,0,0,0,0,0,0
t3_26cc1p.txt,1,20,0,1,0,0,0,25,0,0
t3_26ccta.txt,0,1,4,0,1,0,0,0,1,0
t3_26cd1g.txt,23,8,4,0,0,0,8,2,30,0
t3_26cdbg.txt,0,0,3,0,0,0,0,0,0,0
t3_26ce0q.txt,0,0,2,0,0,0,0,0,0,1
t3_26cg71.txt,3,38,3,0,2,0,0,29,28,10
t3_26ch55.txt,0,54,0,0,115,0,4,26,53,0
t3_26ci6f.txt,0,0,4,0,0,0,0,0,0,0
t3_26ci6j.txt,0,0,3,0,0,0,0,0,0,0
t3_26cicn.txt,0,0,4,0,0,0,0,0,0,0
t3_26cjp9.txt,0,5,0,0,15,7,0,0,0,0
t3_26ckpd.txt,0,28,0,0,0,0,0,0,0,47
t3_26cn3c.txt,0,0,4,0,0,0,0,0,0,0
t3_26cn7k.txt,16,7,0,0,0,0,0,0,11,3
t3_26cnuv.txt,2,18,0,0,0,0,0,0,16,3
t3_26co4n.txt,1,22,0,0,0,0,0,2,3,17
t3_26cp5y.txt,26,13,0,0,0,0,23,0,15,0
t3_26cpaq.txt,0,0,4,0,0,0,0,0,0,0
t3_26cso3.txt,38,67,0,0,0,0,0,0,73,0
t3_26cu5k.txt,0,0,3,0,0,0,0,0,0,0
t3_26cukc.txt,0,0,2,0,0,0,0,0,0,0
t3_26cxzo.txt,0,16,0,10,6,0,11,0,0,0
t3_26cyer.txt,0,2,0,0,0,15,0,0,1,0
t3_26czwg.txt,0,9,0,1,15,0,23,0,0,3
t3_26d5ow.txt,0,2,0,0,0,0,29,0,0,0
t3_26d7ng.txt,0,47,2,0,0,0,5,1,31,1
t3_26dgq8.txt,0,2,3,0,0,4,0,0,0,0
t3_26dhlp.txt,0,1,1,0,5,0,6,17,1,1
t3_26dhz2.txt,1,109,0,0,2,0,0,0,50,0
t3_26di61.txt,0,16,0,0,1,30,0,4,1,0
t3_26difh.txt,38,86,0,0,0,0,2,0,11,2
t3_26dirq.txt,0,0,2,0,0,1,0,0,0,0
t3_26dl1c.txt,0,0,10,0,0,0,0,0,0,0
t3_26dlog.txt,19,18,0,0,0,0,0,0,28,8
t3_26dtbw.txt,3,90,0,67,0,0,19,0,27,0
t3_26dtvu.txt,0,13,0,25,12,0,0,0,27,1
t3_26dv0k.txt,0,15,0,1,0,9,0,17,0,0
t3_26dxds.txt,0,6,3,3,0,13,0,0,0,42
t3_26dxmt.txt,4,3,0,0,0,4,32,0,3,0
t3_26dyaw.txt,71,54,20,3,0,2,3,2,77,0
t3_26e2qf.txt,0,0,6,0,0,0,0,0,4,0
t3_26e2tg.txt,0,0,11,0,0,0,0,0,0,0
t3_26e63f.txt,2,26,0,0,55,0,1,8,16,0
t3_26e6x9.txt,7,103,0,10,16,0,0,0,85,0
t3_26e9qz.txt,69,55,0,0,20,116,44,0,78,7
t3_26eawo.txt,0,0,8,0,0,0,0,2,0,0
t3_26ebe9.txt,0,58,2,0,0,0,0,1,69,0
t3_26eixk.txt,1,31,0,0,0,0,9,40,0,2
t3_26ejiy.txt,0,1,5,4,0,0,0,0,4,0
t3_26el4o.txt,0,2,10,0,0,0,0,2,0,0
t3_26epzp.txt,6,9,2,10,0,3,0,17,18,19
t3_26es2r.txt,0,5,0,0,0,14,5,0,0,0
t3_26f0bl.txt,0,4,6,0,8,0,0,0,1,0
t3_26f3ew.txt,3,50,0,0,0,0,0,0,0,0
t3_26f910.txt,1,9,2,0,0,0,0,0,0,2
t3_26fdg8.txt,4,14,0,0,4,5,0,5,17,9
t3_26fgaz.txt,0,54,0,0,0,0,0,0,3,0
t3_26fhyj.txt,0,0,0,0,0,0,3,0,0,2
t3_26fi4l.txt,1,2,9,0,0,0,0,0,0,0
t3_26fkt8.txt,0,42,0,0,0,12,0,0,50,8
t3_26foh9.txt,0,25,0,0,16,0,0,3,31,0
t3_26fpp9.txt,0,18,1,0,0,0,4,0,0,0
t3_26frhl.txt,0,0,9,0,0,0,0,0,0,2
t3_26futa.txt,0,1,12,0,0,0,0,0,0,0
t3_26fxb0.txt,1,0,12,0,0,0,0,0,0,0
t3_26g036.txt,0,2,9,0,0,0,0,0,1,0
t3_26g207.txt,9,11,4,1,0,0,1,0,2,0
t3_26g40g.txt,0,0,2,0,0,0,0,2,0,1
t3_26g6ga.txt,0,0,5,0,0,0,0,0,0,0
t3_26g6po.txt,0,0,7,0,0,0,0,0,0,0
t3_26g7qb.txt,2,54,0,9,57,0,0,1,89,0
t3_26g8em.txt,3,42,0,0,1,0,0,0,5,0
t3_26g8of.txt,1,0,8,0,0,0,0,1,1,0
t3_26g994.txt,0,69,0,0,0,0,1,1,70,64
t3_26ga2e.txt,0,0,8,0,0,0,0,4,0,0
t3_26gb4v.txt,0,0,3,0,0,0,0,0,0,0
t3_26gbtg.txt,0,40,1,0,0,1,1,5,5,0
t3_26gcdi.txt,0,1,16,0,0,0,16,11,0,0
t3_26gcmg.txt,0,0,7,0,0,0,0,0,0,0
t3_26ge4y.txt,0,32,0,0,0,0,0,3,0,0
t3_26geme.txt,22,34,0,0,1,12,1,0,48,0
t3_26gfe2.txt,2,12,10,4,0,4,0,9,4,0
t3_26gk80.txt,3,28,0,0,0,0,1,1,22,1
t3_26gmrc.txt,0,29,0,0,0,3,0,0,24,44
t3_26gmzf.txt,0,3,6,1,1,0,0,0,0,3
t3_26gt3x.txt,12,68,0,0,1,0,0,0,40,0
t3_26gu7o.txt,2,13,0,0,10,11,13,0,0,0
t3_26gw15.txt,1,17,1,0,2,15,5,0,0,2
t3_26h1qx.txt,0,2,0,0,21,13,0,0,0,0
t3_26h311.txt,0,5,0,0,17,0,0,0,4,0
t3_26h59h.txt,7,3,0,0,0,0,0,0,1,0
t3_26h68y.txt,7,166,0,0,0,0,1,7,18,0
t3_26h6cv.txt,0,67,1,0,0,0,0,0,62,1
t3_26h7pb.txt,1,12,0,0,0,0,40,0,7,0
t3_26hbgt.txt,0,1,0,0,0,16,0,9,0,0
t3_26hefr.txt,0,38,0,0,1,0,5,0,2,0
t3_26hek6.txt,41,19,3,0,0,11,0,0,1,0
t3_26hfwn.txt,0,13,0,0,0,19,0,0,9,0
t3_26hkh6.txt,0,19,0,0,0,34,0,0,0,0
t3_26hkqv.txt,0,9,0,0,2,0,42,6,0,0
t3_26hl4n.txt,0,28,0,0,17,0,43,0,5,0
t3_26hlc3.txt,0,26,0,2,0,2,2,2,0,3
t3_26hmz4.txt,0,38,0,0,1,0,0,0,0,42
t3_26hn8f.txt,0,11,5,25,0,3,0,1,3,0
t3_26hnht.txt,10,70,0,0,0,0,0,0,63,0
t3_26hnq5.txt,1,10,1,0,0,0,0,0,0,0
t3_26hofr.txt,0,2,0,0,0,11,61,0,1,2
t3_26hor7.txt,2,2,5,1,0,0,0,0,0,0
t3_26hpjc.txt,0,19,0,0,21,6,0,1,8,0
t3_26ht4i.txt,0,114,0,0,0,0,0,0,127,72
t3_26hvsk.txt,0,0,6,0,4,0,0,0,0,0
t3_26hw1e.txt,0,48,0,7,2,4,0,1,21,31
t3_26hwaf.txt,0,21,1,0,3,0,39,0,0,0
t3_26hxwe.txt,0,0,2,0,0,0,0,17,0,1
t3_26hz41.txt,0,14,1,0,9,2,28,1,16,0
t3_26hzi5.txt,0,8,0,0,0,0,0,23,0,0
t3_26i04b.txt,0,69,0,0,0,0,21,0,131,0
t3_26i17i.txt,0,0,3,0,0,0,0,0,0,0
t3_26i1gq.txt,5,15,4,0,0,6,4,0,19,2
t3_26i29b.txt,0,7,4,4,0,0,0,9,0,0
t3_26i29u.txt,1,0,0,0,3,0,4,0,3,0
t3_26i46j.txt,0,20,0,0,0,17,7,0,1,0
t3_26i7ca.txt,2,12,0,0,0,0,0,8,1,0
t3_26i7rc.txt,0,36,0,0,0,0,0,9,0,0
t3_26i9bo.txt,0,66,0,1,0,0,21,0,137,0
t3_26i9e5.txt,22,109,0,0,0,8,3,18,107,77
t3_26i9n2.txt,12,1,0,0,9,1,0,0,60,0
t3_26ia7e.txt,0,20,0,0,0,36,0,0,3,0
t3_26ih1v.txt,0,0,7,0,0,0,0,0,0,0
t3_26iikg.txt,2,17,2,0,0,26,33,4,4,6
t3_26ik7m.txt,0,2,6,0,0,0,0,0,0,0
t3_26ioew.txt,0,6,0,1,0,0,0,0,0,0
t3_26ipay.txt,0,4,0,0,29,1,0,0,0,2
t3_26irkq.txt,0,26,0,0,0,0,0,0,0,0
t3_26irmk.txt,0,0,7,0,0,0,0,0,0,0
t3_26is6b.txt,1,59,0,0,1,0,0,0,6,0
t3_26itm7.txt,1,7,0,1,0,0,56,0,0,0
t3_26iuc0.txt,51,17,10,6,0,0,2,0,0,0
t3_26ix47.txt,3,130,0,0,0,1,2,2,0,10
t3_26izyo.txt,10,12,0,3,0,0,13,40,3,5
t3_26j0w0.txt,0,0,2,0,0,0,0,0,0,1
t3_26jcb2.txt,24,32,12,10,26,1,18,151,8,36
t3_26jcri.txt,2,8,0,0,0,10,0,1,0,0
t3_26je14.txt,4,0,8,0,0,0,1,0,0,0
t3_26ji6n.txt,25,98,0,4,36,1,3,1,0,25
t3_26jj0t.txt,1,0,1,0,0,0,0,0,0,0
t3_26jjed.txt,0,26,0,0,16,0,0,6,78,2
t3_26jllb.txt,0,8,1,0,0,0,41,0,7,0
t3_26jpze.txt,10,26,0,0,0,19,41,0,0,0
t3_26jqjo.txt,1,104,0,20,0,0,0,0,0,26
t3_26jqrg.txt,0,6,0,0,1,0,2,0,0,1
t3_26jqy6.txt,12,50,0,0,15,7,63,0,27,0
t3_26jsxo.txt,0,1,9,0,0,0,0,0,1,0
t3_26jt51.txt,1,9,0,0,27,0,0,1,1,0
t3_26jw6i.txt,0,1,1,0,0,1,0,1,1,0
t3_26jx4b.txt,9,15,0,0,17,1,0,10,142,0
t3_26k0p1.txt,17,87,3,0,0,0,0,3,38,0
t3_26k0yj.txt,5,15,0,0,0,0,123,0,0,0
t3_26k3s8.txt,0,131,55,90,0,5,0,75,2,8
t3_26k45a.txt,0,1,0,0,32,0,5,7,0,0
t3_26k4j2.txt,17,38,0,0,0,28,0,1,8,0
t3_26k5fy.txt,0,12,4,23,0,0,2,0,0,9
t3_26k87j.txt,0,8,0,0,8,0,0,11,4,0
t3_26k8il.txt,0,0,5,0,0,0,0,0,0,0
t3_26kc5b.txt,0,0,6,0,0,0,0,0,0,1
t3_26kdg5.txt,38,67,0,0,0,49,11,0,41,0
t3_26kgwy.txt,0,102,0,5,0,0,0,3,21,0
t3_26kiqq.txt,11,44,0,0,12,1,29,0,9,0
t3_26km1i.txt,1,3,3,0,0,0,0,0,0,1
t3_26kmhj.txt,3,4,0,0,0,0,0,0,2,1
t3_26kmql.txt,0,4,1,0,0,0,0,19,10,0
t3_26knaz.txt,0,0,2,0,0,0,0,4,0,0
t3_26kpbt.txt,0,14,0,0,12,0,6,0,0,0
t3_26kppr.txt,0,33,0,0,0,0,0,0,18,0
t3_26kpy9.txt,0,13,0,0,0,0,1,0,0,28
t3_26kr47.txt,0,46,1,0,0,0,0,0,12,68
t3_26ksmk.txt,0,17,0,0,4,4,0,0,2,0
t3_26ktim.txt,3,142,0,0,2,0,1,15,1,0
t3_26ktzn.txt,0,1,3,0,0,0,0,0,0,0
t3_26kywa.txt,0,4,0,0,4,10,2,0,0,0
t3_26kz9w.txt,0,15,0,0,0,2,47,1,0,0
t3_26l0dj.txt,0,7,1,0,0,0,0,22,0,0
t3_26l1t9.txt,0,6,0,0,0,0,8,0,0,0
t3_26l209.txt,0,47,0,0,0,0,0,0,73,0
t3_26l4kt.txt,25,103,0,0,0,0,0,12,33,19
t3_26l4li.txt,0,0,3,0,0,0,0,0,0,0
t3_26l5on.txt,0,12,0,0,5,0,0,0,0,0
t3_26l6h3.txt,0,10,2,0,0,0,74,0,0,0
t3_26l72r.txt,0,25,0,0,0,0,0,7,1,0
t3_26l7de.txt,0,15,0,7,0,36,0,0,3,0
t3_26l7zu.txt,11,26,0,0,0,0,1,38,0,1
t3_26la62.txt,6,116,0,0,0,0,9,0,348,18
t3_26lbfg.txt,0,48,0,2,3,0,5,6,12,1
t3_26lca5.txt,1,55,0,0,14,0,0,0,13,0
t3_26lemx.txt,0,5,1,0,8,0,8,1,10,0
t3_26lgyn.txt,0,0,5,0,0,0,0,0,0,0
t3_26lib6.txt,30,60,0,84,2,15,0,1,32,0
t3_26ljey.txt,0,8,7,0,0,0,0,0,1,0
t3_26lk3p.txt,0,0,4,0,0,0,0,0,0,0
t3_26lkjl.txt,0,0,2,0,1,0,0,0,0,0
t3_26lkqx.txt,3,9,0,0,0,2,1,0,2,13
t3_26lkz4.txt,0,10,0,0,11,0,0,0,5,13
t3_26lp8c.txt,0,42,0,16,0,0,2,11,0,0
t3_26lpfn.txt,46,65,1,0,4,0,0,0,0,7
t3_26lrg4.txt,0,2,8,0,0,0,0,0,0,0
t3_26lu5q.txt,0,29,0,0,0,33,0,0,0,0
t3_26ly70.txt,3,0,11,0,0,0,0,1,3,0
t3_26ly89.txt,0,0,5,0,0,0,0,0,0,0
t3_26ly8r.txt,2,12,0,1,28,12,2,33,187,7
t3_26lztc.txt,0,43,0,0,0,0,0,7,3,0
t3_26m087.txt,7,16,0,0,0,0,41,0,3,0
t3_26m1lb.txt,0,1,8,1,0,0,0,1,1,0
t3_26m2gg.txt,21,39,0,7,0,1,0,0,5,7
t3_26m59n.txt,0,20,0,0,0,0,0,1,23,30
t3_26m9od.txt,0,27,0,0,0,0,2,0,2,0
t3_26mboy.txt,0,7,0,0,0,0,0,8,4,1
t3_26md0n.txt,0,0,5,0,0,0,0,0,0,0
t3_26me5e.txt,1,60,3,0,1,0,7,29,53,54
t3_26mkcl.txt,0,2,4,0,0,0,0,3,0,0
t3_26mkh3.txt,0,62,0,0,0,0,1,7,11,0
t3_26moii.txt,0,102,0,0,0,2,20,0,0,3
t3_26mpkf.txt,0,23,2,0,0,18,0,0,5,0
t3_26mswy.txt,0,0,7,1,0,0,0,2,0,0
t3_26mtj8.txt,10,7,0,0,0,0,0,0,7,0
t3_26mtm8.txt,1,36,0,0,0,0,52,0,0,0
t3_26mvqk.txt,4,62,7,32,0,0,0,128,2,0
